fw,eth_id,bus,can_id,how,message
2026.26.6.5,2,VEH,281,native,VCSEC_requests2
2026.26.6.5,17,PARTY,17,native,RCM_collision
2026.26.6.5,49,PARTY,49,native,
2026.26.6.5,81,PARTY,81,native,
2026.26.6.5,84,PARTY,84,native,DI_autonomyHealth
2026.26.6.5,130,VEH,839,gateway,UI_tripPlanning
2026.26.6.5,257,CH,257,native,RCM_inertial1
2026.26.6.5,258,PARTY,258,native,VCLEFT_doorStatus
2026.26.6.5,259,PARTY,259,native,VCRIGHT_doorStatus
2026.26.6.5,260,PARTY,260,native,VCFRONT_partyDebug
2026.26.6.5,261,PARTY,261,native,
2026.26.6.5,264,PARTY,264,native,DIR_torque
2026.26.6.5,278,CH,273,native,RCM_inertial2
2026.26.6.5,280,VEH,280,native,DI_systemStatus
2026.26.6.5,296,VEH,296,native,DI_systemLimits
2026.26.6.5,297,VEH,297,native,SCCM_steeringAngleSensor
2026.26.6.5,298,VEH,292,native,VCLEFT_liftgateLeaderRequest
2026.26.6.5,299,PARTY,299,native,DAS_smartShift
2026.26.6.5,306,VEH,306,native,BMS_hvBusStatus
2026.26.6.5,317,VEH,317,native,CP_chargeStatus
2026.26.6.5,322,VEH,322,native,VCLEFT_liftgateStatus
2026.26.6.5,323,VEH,323,native,
2026.26.6.5,325,PARTY,325,native,ESP_status
2026.26.6.5,328,PARTY,328,native,DI_chassisControl
2026.26.6.5,373,PARTY,373,native,
2026.26.6.5,386,VEH,386,native,VCLEFT_thermalStatus
2026.26.6.5,390,PARTY,390,native,DIF_torque
2026.26.6.5,401,CH,401,native,DAS_autonomyDebugInfo
2026.26.6.5,409,VEH,409,native,TAS_uiAdaptiveActivity0
2026.26.6.5,410,VEH,410,native,TAS_uiAdaptiveActivity1
2026.26.6.5,421,PARTY,421,native,DIF_motorStatus
2026.26.6.5,473,VEH,473,native,VCSEC_IsoTpUDPPipeUI
2026.26.6.5,474,VEH,474,native,VCSEC_IsoTpPipeRemoteUI
2026.26.6.5,485,VEH,485,native,PM_locState
2026.26.6.5,505,VEH,505,native,VCSEC_requests
2026.26.6.5,507,VEH,507,native,VCLEFT_TLCStatus
2026.26.6.5,513,VEH,513,native,VCFRONT_loggingAndVitals10Hz
2026.26.6.5,516,VEH,516,native,PCS_chgStatus
2026.26.6.5,522,VEH,522,native,HVP_contactorState
2026.26.6.5,523,VEH,523,native,TAS_axleData
2026.26.6.5,524,VEH,524,native,VCRIGHT_hvacRequest
2026.26.6.5,525,VEH,525,native,TAS_states
2026.26.6.5,526,CH,526,native,PARK_sdiFront
2026.26.6.5,528,VEH,605,native,CP_status
2026.26.6.5,529,CH,529,native,RCM_status
2026.26.6.5,530,VEH,530,native,BMS_status
2026.26.6.5,531,VEH,531,gateway,UI_cruiseControl
2026.26.6.5,532,VEH,532,native,FC_status
2026.26.6.5,533,VEH,533,native,FC_status2
2026.26.6.5,535,VEH,535,native,FC_status3
2026.26.6.5,536,CH,536,gateway,UI_driverAssistRoadSign
2026.26.6.5,537,VEH,537,native,VCSEC_TPMSData
2026.26.6.5,538,VEH,538,native,TAS_uiControl
2026.26.6.5,541,VEH,541,native,CP_evseStatus
2026.26.6.5,542,CH,542,native,PARK_pscStatus
2026.26.6.5,545,VEH,545,native,VCFRONT_LVPowerState
2026.26.6.5,548,VEH,548,native,PCS_dcdcStatus
2026.26.6.5,549,VEH,549,native,VCRIGHT_LVPowerState
2026.26.6.5,552,VEH,552,native,EPBR_internalStatus
2026.26.6.5,553,VEH,553,native,SCCM_rightStalk
2026.26.6.5,554,VEH,554,native,HVP_hvsControl
2026.26.6.5,558,CH,558,native,PARK_sdiRear
2026.26.6.5,562,VEH,562,native,
2026.26.6.5,564,VEH,564,native,
2026.26.6.5,568,CH,568,gateway,UI_driverAssistMapData
2026.26.6.5,568,VEH,568,gateway,UI_driverAssistMapData
2026.26.6.5,569,CH,569,native,DAS_lanes
2026.26.6.5,570,VEH,570,native,VCSEC_TPMSStatus
2026.26.6.5,577,VEH,577,native,VCFRONT_coolant
2026.26.6.5,578,VEH,578,native,
2026.26.6.5,579,VEH,579,native,VCRIGHT_hvacStatus
2026.26.6.5,580,VEH,580,native,FC_limits
2026.26.6.5,583,CH,583,native,DAS_autopilotDebug
2026.26.6.5,584,PARTY,584,native,DAS_autonomyUiControl
2026.26.6.5,585,VEH,585,native,SCCM_leftStalk
2026.26.6.5,586,CH,586,native,DAS_visualDebug
2026.26.6.5,590,CH,590,native,PARK_pscVehSlot
2026.26.6.5,594,VEH,594,native,BMS_powerAvailable
2026.26.6.5,595,VEH,595,gateway,UI_ventPanelControlRequest
2026.26.6.5,597,PARTY,597,native,DI_suggestedGear
2026.26.6.5,598,PARTY,598,native,DIR_status
2026.26.6.5,599,PARTY,599,native,DI_speed
2026.26.6.5,600,CH,600,native,APB_status
2026.26.6.5,601,CH,601,native,APP_status
2026.26.6.5,602,VEH,602,native,VCSEC_TPMSDisplay
2026.26.6.5,603,CH,603,native,APP_environment
2026.26.6.5,605,CH,605,native,APP_trafficControl
2026.26.6.5,606,CH,606,native,PARK_pscEnvSlot
2026.26.6.5,607,VEH,607,native,VCSEC_ChildSeatStatus
2026.26.6.5,609,VEH,609,native,VCFRONT_12VBatteryStatus
2026.26.6.5,610,VEH,610,native,VCLEFT_steeringColumnStatus
2026.26.6.5,611,VEH,611,native,VCRIGHT_logging10Hz
2026.26.6.5,612,VEH,612,native,PCS_chgLineStatus
2026.26.6.5,614,VEH,614,native,DIR_power
2026.26.6.5,615,PARTY,615,native,DI_vehicleEstimates
2026.26.6.5,616,VEH,616,native,DI_systemPower
2026.26.6.5,626,VEH,626,native,VCLEFT_epbmDebug
2026.26.6.5,627,VEH,627,gateway,UI_vehicleControl
2026.26.6.5,628,VEH,660,gateway,UI_vehicleControl3
2026.26.6.5,629,VEH,661,gateway,UI_powerRationalityConfig
2026.26.6.5,632,CH,632,gateway,UI_roadCurvature
2026.26.6.5,633,VEH,633,native,DIR_hvStatus
2026.26.6.5,634,VEH,634,native,DIF_hvStatus
2026.26.6.5,637,CH,637,native,APS_eacMonitor
2026.26.6.5,642,VEH,642,native,VCLEFT_hvacBlowerFeedback
2026.26.6.5,643,VEH,643,native,VCRIGHT_PTCRequest
2026.26.6.5,644,CH,644,gateway,UI_vehicleModes
2026.26.6.5,644,VEH,644,gateway,UI_vehicleModes
2026.26.6.5,645,VEH,645,gateway,UI_driverProfileRecall
2026.26.6.5,646,PARTY,646,native,DI_locStatus
2026.26.6.5,647,VEH,651,gateway,UI_driverProfileRecall2
2026.26.6.5,648,VEH,648,native,EPBL_internalStatus
2026.26.6.5,656,VEH,656,native,VCLEFT_thermalLogging10Hz
2026.26.6.5,657,VEH,657,native,VCLEFT_thermalLogging1Hz
2026.26.6.5,658,VEH,658,native,BMS_socStatus
2026.26.6.5,659,CH,659,gateway,UI_chassisControl
2026.26.6.5,659,VEH,659,gateway,UI_chassisControl
2026.26.6.5,663,VEH,663,gateway,UI_suspensionControl
2026.26.6.5,664,CH,664,gateway,UI_csaOfframpCurvature
2026.26.6.5,667,VEH,667,native,ICR_nonLocalizedOccupancy
2026.26.6.5,669,VEH,669,native,CP_dcChargeStatus
2026.26.6.5,670,VEH,670,native,ICR_occupancy2
2026.26.6.5,674,VEH,674,native,BMS_rippleRequest
2026.26.6.5,676,VEH,676,native,PCS_thermalStatus
2026.26.6.5,679,CH,679,gateway,UI_csaRoadCurvature
2026.26.6.5,680,VEH,679,native,CMPD_state
2026.26.6.5,681,VEH,680,native,EPBL_status
2026.26.6.5,690,VEH,850,native,BMS_energyStatus
2026.26.6.5,691,VEH,691,native,VCRIGHT_logging1Hz
2026.26.6.5,692,VEH,692,native,PCS_dcdcRailStatus
2026.26.6.5,694,VEH,694,native,DI_chassisControlStatus
2026.26.6.5,697,PARTY,697,native,DAS_control
2026.26.6.5,698,CH,698,gateway,UI_radarMapData
2026.26.6.5,700,VEH,700,native,VCFRONT_LVThermalMotors10Hz
2026.26.6.5,702,VEH,702,native,FC_limitsHighPower
2026.26.6.5,705,VEH,705,native,VCFRONT_logging10Hz
2026.26.6.5,706,VEH,706,native,VCLEFT_windowStatus
2026.26.6.5,707,VEH,707,native,VCRIGHT_windowStatus
2026.26.6.5,708,VEH,708,native,PCS_logging
2026.26.6.5,721,VEH,721,native,VCFRONT_okToUseHighPower
2026.26.6.5,722,VEH,722,native,BMS_driveLimits
2026.26.6.5,723,CH,723,gateway,UI_solarData
2026.26.6.5,723,VEH,723,gateway,UI_solarData
2026.26.6.5,725,PARTY,725,native,DIF_status
2026.26.6.5,727,VEH,727,native,VCLEFT_pitchEstimation
2026.26.6.5,733,VEH,733,native,CP_gridFormControl
2026.26.6.5,737,VEH,737,native,VCFRONT_status
2026.26.6.5,738,VEH,738,native,VCLEFT_seatStatus2
2026.26.6.5,739,VEH,739,native,VCRIGHT_seatStatus2
2026.26.6.5,740,VEH,740,native,PCS2_logging
2026.26.6.5,741,VEH,741,native,DIF_power
2026.26.6.5,742,VEH,742,native,EPBR_seatStatus3
2026.26.6.5,743,VEH,743,native,EPBL_seatStatus3
2026.26.6.5,744,VEH,744,native,EPBR_status
2026.26.6.5,753,VEH,753,native,VCFRONT_eFuseDebugStatus
2026.26.6.5,754,VEH,754,native,BMS_vehNm
2026.26.6.5,755,VEH,755,gateway,UI_hvacRequest
2026.26.6.5,761,VEH,761,native,VCSEC_additionalAuthInfo
2026.26.6.5,763,PARTY,763,native,
2026.26.6.5,768,VEH,768,native,BMS_info
2026.26.6.5,769,VEH,769,native,VCFRONT_info
2026.26.6.5,770,VEH,770,native,VCLEFT_info
2026.26.6.5,772,VEH,772,native,PMF_alertMatrix
2026.26.6.5,774,VEH,771,native,VCRIGHT_info
2026.26.6.5,777,CH,777,gateway,UI_locationStatus
2026.26.6.5,777,VEH,777,gateway,UI_locationStatus
2026.26.6.5,782,CH,782,native,PARK_status2
2026.26.6.5,784,CH,784,native,APS_warningMatrix4
2026.26.6.5,785,CH,785,native,EPAS3S_info
2026.26.6.5,786,VEH,786,native,BMS_thermalStatus
2026.26.6.5,787,VEH,787,gateway,UI_trackModeSettings
2026.26.6.5,789,VEH,789,native,DIR_temperature
2026.26.6.5,790,VEH,790,native,PMF_info
2026.26.6.5,793,VEH,793,native,VCSEC_info
2026.26.6.5,794,PARTY,794,native,VCRIGHT_restraintStatus
2026.26.6.5,796,VEH,796,native,CC_chgStatus
2026.26.6.5,797,VEH,797,native,CC_chgStatus2
2026.26.6.5,798,VEH,798,native,CP_alertMatrix
2026.26.6.5,799,CH,798,native,PARK_status
2026.26.6.5,800,VEH,800,native,BMS_alertMatrix
2026.26.6.5,801,VEH,801,native,VCFRONT_sensors
2026.26.6.5,802,CH,799,native,TPMS_data
2026.26.6.5,804,VEH,804,gateway,UI_gpsTime
2026.26.6.5,806,CH,806,native,PARK_info
2026.26.6.5,807,CH,807,native,USM_info
2026.26.6.5,808,CH,805,native,ESP_info
2026.26.6.5,809,CH,809,native,APP_warningMatrix0
2026.26.6.5,810,VEH,810,native,BMS_vehicleNotifications
2026.26.6.5,811,CH,811,native,APS_warningMatrix0
2026.26.6.5,812,VEH,812,native,CC_logData
2026.26.6.5,813,CH,813,native,IBST_info
2026.26.6.5,814,CH,814,native,PARK_sensorStatusFront
2026.26.6.5,815,VEH,815,native,SCM_alertMatrix1
2026.26.6.5,816,VEH,816,native,SCCM_info
2026.26.6.5,817,PARTY,817,native,EPAS3P_info
2026.26.6.5,818,VEH,818,native,BMS_bmbMinMax
2026.26.6.5,819,VEH,819,gateway,UI_chargeRequest
2026.26.6.5,820,CH,820,gateway,UI_powertrainControl
2026.26.6.5,820,VEH,820,gateway,UI_powertrainControl
2026.26.6.5,821,VEH,821,native,DIR_info
2026.26.6.5,822,PARTY,822,native,DI_maxRatedPower
2026.26.6.5,824,VEH,824,native,UMC_alertMatrix1
2026.26.6.5,825,VEH,825,native,VCSEC_authentication
2026.26.6.5,826,VEH,826,gateway,UI_range
2026.26.6.5,827,VEH,827,gateway,UI_powerEstimates
2026.26.6.5,830,CH,830,native,PARK_sensorStatusRear
2026.26.6.5,832,VEH,832,native,VCFRONT_alertMatrix
2026.26.6.5,833,VEH,833,native,VCFRONT1_alertMatrix
2026.26.6.5,834,VEH,834,native,VCFRONT2_alertMatrix
2026.26.6.5,835,VEH,835,native,VCRIGHT_status
2026.26.6.5,836,VEH,836,native,
2026.26.6.5,837,VEH,837,native,PTC_info
2026.26.6.5,841,CH,841,native,DAS_warningMatrix2
2026.26.6.5,843,CH,843,native,APP_frontParkAssistData
2026.26.6.5,846,CH,846,native,PARK_pasFrontMiddle
2026.26.6.5,848,CH,848,native,APS_warningMatrix3
2026.26.6.5,849,CH,849,native,RCM_info
2026.26.6.5,850,CH,852,gateway,UI_uiHealthStatus
2026.26.6.5,851,CH,851,gateway,UI_status
2026.26.6.5,851,VEH,851,gateway,UI_status
2026.26.6.5,852,VEH,852,native,TAS_alertMatrix
2026.26.6.5,853,VEH,853,gateway,UI_vehicleControlThermal
2026.26.6.5,854,VEH,854,native,DIF_alertMatrix
2026.26.6.5,856,CH,856,gateway,UI_tpmsMode
2026.26.6.5,857,VEH,857,native,VCSEC_DeviceStatus
2026.26.6.5,859,CH,859,native,APP_visionOcsStatus
2026.26.6.5,861,CH,861,native,IBST_alertMatrix
2026.26.6.5,862,CH,862,native,PARK_pasRearMiddle
2026.26.6.5,864,VEH,864,native,VCLEFT_alertMatrix
2026.26.6.5,867,VEH,867,native,CMP_info
2026.26.6.5,869,VEH,869,native,SCS_alertMatrix1
2026.26.6.5,870,VEH,870,native,CMPD_info
2026.26.6.5,871,VEH,871,native,DI_alertMatrix
2026.26.6.5,873,CH,873,native,APP_warningMatrix1
2026.26.6.5,874,CH,874,native,DAS_warningMatrix1
2026.26.6.5,876,CH,876,native,APS_warningMatrix1
2026.26.6.5,879,CH,879,native,TPMS_StatusC
2026.26.6.5,880,VEH,880,native,SCS_alertMatrix2
2026.26.6.5,882,CH,880,native,EPAS3S_sysStatus
2026.26.6.5,883,PARTY,880,native,EPAS3P_sysStatus
2026.26.6.5,884,VEH,882,native,BMS_log1
2026.26.6.5,886,VEH,886,native,DIF_temperature
2026.26.6.5,893,VEH,893,native,CP_thermalStatus
2026.26.6.5,894,CH,894,native,PARK_warningMatrix
2026.26.6.5,895,VEH,895,native,FC_alertMatrix3
2026.26.6.5,897,VEH,897,native,VCFRONT_logging1Hz
2026.26.6.5,899,VEH,899,native,VCRIGHT_thsStatus
2026.26.6.5,900,VEH,900,native,PM_alertMatrix
2026.26.6.5,902,VEH,902,native,PMR_alertMatrix
2026.26.6.5,905,CH,905,native,DAS_status2
2026.26.6.5,907,CH,907,native,APP_rearParkAssistData
2026.26.6.5,909,VEH,909,native,APP_VC_infoMessage
2026.26.6.5,912,VEH,912,gateway,UI_gridFormControl
2026.26.6.5,913,CH,913,native,EPAS3S_alertMatrix
2026.26.6.5,914,VEH,914,native,BMS_packConfig
2026.26.6.5,915,VEH,915,native,VCRIGHT_epbmDebug
2026.26.6.5,917,VEH,917,native,DIR_oilPump
2026.26.6.5,918,PARTY,918,native,DIF_oilPump
2026.26.6.5,921,CH,921,native,DAS_status
2026.26.6.5,922,VEH,922,native,
2026.26.6.5,925,PARTY,925,native,IBST_status
2026.26.6.5,926,CH,926,native,PARK_pasSides
2026.26.6.5,927,VEH,927,native,FC_alertMatrix4
2026.26.6.5,929,VEH,929,native,VCFRONT_vehicleStatus
2026.26.6.5,930,VEH,930,native,VCLEFT_status
2026.26.6.5,932,VEH,932,native,PCS_alertMatrix
2026.26.6.5,935,VEH,935,native,DIR_alertMatrix
2026.26.6.5,936,VEH,936,native,VCLEFT_logging1Hz
2026.26.6.5,938,VEH,938,native,HVP_alertMatrix
2026.26.6.5,939,CH,939,native,APP_driverMonitorStatus
2026.26.6.5,941,VEH,941,native,ICR_info
2026.26.6.5,945,VEH,945,native,VCBATT_LVHealth
2026.26.6.5,946,VEH,946,native,BMS_log2
2026.26.6.5,947,CH,947,gateway,UI_vehicleControl2
2026.26.6.5,947,VEH,947,gateway,UI_vehicleControl2
2026.26.6.5,948,VEH,948,gateway,UI_peripheralPowerRequests
2026.26.6.5,950,VEH,950,native,DI_odometerStatus
2026.26.6.5,952,CH,952,gateway,UI_tpmsRCPsetting
2026.26.6.5,952,VEH,956,gateway,UI_tpmsRCPsetting
2026.26.6.5,953,VEH,953,native,
2026.26.6.5,954,CH,954,native,USM_alertMatrix
2026.26.6.5,955,VEH,955,gateway,UI_power
2026.26.6.5,957,VEH,957,native,VCFRONT_parkedEnergyLoss
2026.26.6.5,958,VEH,958,native,FC_alertMatrix5
2026.26.6.5,960,VEH,960,native,VCRIGHT_alertMatrix
2026.26.6.5,962,VEH,962,native,VCLEFT_switchStatus
2026.26.6.5,963,VEH,963,native,VCRIGHT_switchStatus
2026.26.6.5,964,VEH,964,native,PCS_info
2026.26.6.5,968,VEH,968,native,EPBL_alertMatrix
2026.26.6.5,969,VEH,969,native,VCSEC_BLEEndpointInfo
2026.26.6.5,970,CH,969,native,APS_status
2026.26.6.5,973,VEH,973,native,VCBATT0_alertMatrix
2026.26.6.5,974,VEH,974,native,VCBATT1_alertMatrix
2026.26.6.5,975,VEH,975,native,VCBATT2_alertMatrix
2026.26.6.5,977,PARTY,977,native,EPAS3P_angleCalibration
2026.26.6.5,978,VEH,978,native,BMS_kwhCounter
2026.26.6.5,980,CH,977,native,EPAS3S_angleCalibration
2026.26.6.5,981,CH,981,native,ESP_alertMatrix
2026.26.6.5,984,VEH,984,gateway,UI_elevationStatus
2026.26.6.5,985,CH,760,gateway,UI_gpsVehicleSpeed
2026.26.6.5,985,VEH,883,gateway,UI_gpsVehicleSpeed
2026.26.6.5,987,CH,987,gateway,UI_phoneLocationStatus
2026.26.6.5,988,CH,988,gateway,UI_summonGoal
2026.26.6.5,989,CH,985,gateway,UI_locationOffset
2026.26.6.5,990,VEH,990,native,FC_alertMatrix6
2026.26.6.5,991,CH,991,gateway,UI_status2
2026.26.6.5,991,VEH,991,gateway,UI_status2
2026.26.6.5,994,VEH,994,native,VCLEFT_lightStatus
2026.26.6.5,995,VEH,995,native,VCRIGHT_lightStatus
2026.26.6.5,996,VEH,996,native,PCS2_alertMatrix
2026.26.6.5,1000,VEH,1000,native,EPBR_alertMatrix
2026.26.6.5,1001,VEH,1001,native,DAS_bodyControls
2026.26.6.5,1009,CH,1009,native,RCM2_alertMatrix
2026.26.6.5,1010,VEH,1010,native,BMS_kwhCountersMultiplexed
2026.26.6.5,1011,CH,1011,gateway,UI_odo
2026.26.6.5,1011,VEH,1523,gateway,UI_odo
2026.26.6.5,1012,VEH,1012,gateway,LS_lightShow
2026.26.6.5,1013,VEH,1013,native,VCFRONT_lighting
2026.26.6.5,1014,VEH,1014,native,VCFRONT_lightStatus
2026.26.6.5,1016,CH,1016,gateway,UI_driverAssistControl
2026.26.6.5,1017,VEH,1017,native,VCSEC_alertMatrix
2026.26.6.5,1018,CH,1018,native,APP_cameraLux
2026.26.6.5,1020,CH,1020,native,APP_boardTemperatures
2026.26.6.5,1021,CH,1021,gateway,UI_autopilotControl
2026.26.6.5,1021,VEH,1021,gateway,UI_autopilotControl
2026.26.6.5,1025,VEH,1025,native,BMS_brickMeasurements
2026.26.6.5,1027,VEH,1027,native,VCFRONT1_eFuseDebugStatus
2026.26.6.5,1030,VEH,1030,native,VCBATT1_eFuseDebugStatus
2026.26.6.5,1031,VEH,1031,native,
2026.26.6.5,1039,VEH,1039,native,PCS2_v2xInfo2
2026.26.6.5,1040,CH,1040,native,APP_cameraStatus
2026.26.6.5,1043,CH,1043,native,APP_dashCamStatus
2026.26.6.5,1045,CH,1045,native,APP_backupDashCamStatus
2026.26.6.5,1052,CH,1052,native,APS_status2
2026.26.6.5,1059,VEH,1059,native,VCRIGHT_vehNm
2026.26.6.5,1060,VEH,1060,native,PCS_alertLog
2026.26.6.5,1061,CH,1061,native,APP_factorySummonGoal
2026.26.6.5,1064,CH,1064,gateway,UI_telemetryControl
2026.26.6.5,1065,CH,1065,native,APP_warningMatrix2
2026.26.6.5,1066,VEH,1066,native,VCSEC_TPMSConnectionData
2026.26.6.5,1067,VEH,1067,native,VCSEC_UWBData
2026.26.6.5,1071,VEH,1071,native,BMS_v2xInfo
2026.26.6.5,1081,CH,1081,native,APP_warningMatrix3
2026.26.6.5,1082,CH,1082,native,DAS_warningMatrix3
2026.26.6.5,1089,VEH,1089,native,VC_pcsInterface
2026.26.6.5,1090,VEH,1090,native,VCBATT_pcsInterface
2026.26.6.5,1091,VEH,1091,native,VC_pcsManagement
2026.26.6.5,1092,VEH,1092,native,PCS2_alertLog
2026.26.6.5,1093,PARTY,526,native,DAS_autonomyControl
2026.26.6.5,1096,CH,1096,gateway,UI_driverAssistAnonDebugParams
2026.26.6.5,1097,CH,1097,native,APP_warningMatrix4
2026.26.6.5,1107,VEH,1107,gateway,VEH_billing
2026.26.6.5,1113,CH,1113,native,APS_warningMatrix2
2026.26.6.5,1114,VEH,1114,native,VCRIGHT_AP_hvacState10Hz
2026.26.6.5,1116,VEH,1116,native,CC_alertLog
2026.26.6.5,1117,VEH,1117,native,FC_evseBilling
2026.26.6.5,1119,VEH,1119,native,VCBATT1_LVSelfTests
2026.26.6.5,1121,VEH,1121,native,
2026.26.6.5,1123,PARTY,611,native,VCRIGHT_epbmStatus
2026.26.6.5,1124,PARTY,1124,native,VCRIGHT_AP_hvacState1Hz
2026.26.6.5,1132,VEH,1132,native,CC_alertMatrix1
2026.26.6.5,1138,VEH,1138,native,BMS_chargeInfo
2026.26.6.5,1139,VEH,1139,gateway,UI_ethNm
2026.26.6.5,1140,PARTY,546,native,VCLEFT_epbmStatus
2026.26.6.5,1149,CH,1149,native,APP_warningMatrix6
2026.26.6.5,1151,CH,1151,native,APP_warningMatrix5
2026.26.6.5,1152,VEH,1152,gateway,
2026.26.6.5,1153,VEH,1153,gateway,UI_IsoTpUDPPipeVCSEC
2026.26.6.5,1154,VEH,1154,gateway,UI_IsoTpPipeRemoteVCSEC
2026.26.6.5,1170,VEH,1170,native,BMS_stateOfHealth
2026.26.6.5,1177,CH,1177,native,
2026.26.6.5,1186,VEH,1186,native,VCLEFT_etcBluetoothStatus
2026.26.6.5,1193,VEH,1193,gateway,UI_vehicleControl4
2026.26.6.5,1208,VEH,1208,native,ICR_alertLog
2026.26.6.5,1233,CH,1233,native,APP_warningMatrix7
2026.26.6.5,1236,PARTY,909,native,ESP_party3
2026.26.6.5,1249,CH,1249,native,RCM2_alertLog
2026.26.6.5,1250,VEH,1250,native,VCLEFT_seatStatus
2026.26.6.5,1251,VEH,1251,native,VCRIGHT_seatStatus
2026.26.6.5,1252,CH,1252,native,RCM3_alertLog
2026.26.6.5,1267,VEH,1267,gateway,UI_frontSeatRequests
2026.26.6.5,1270,PARTY,1270,native,DI_locStatus2
2026.26.6.5,1280,VEH,1280,gateway,UI_debugECU
2026.26.6.5,1282,CH,1282,native,RADC_alertMatrix0
2026.26.6.5,1285,VEH,1285,native,UMC_smartAdapterInfo
2026.26.6.5,1290,VEH,1290,native,HVP_alertLog
2026.26.6.5,1294,VEH,1294,native,CP_alertLog
2026.26.6.5,1298,CH,1298,native,TRCM_alertLog
2026.26.6.5,1300,VEH,1300,native,FC_serial
2026.26.6.5,1303,VEH,1303,native,FC_identifier
2026.26.6.5,1310,VEH,1310,native,FC_info
2026.26.6.5,1316,PARTY,1316,native,PMF_mfgData
2026.26.6.5,1317,VEH,1317,native,PMF_alertLog
2026.26.6.5,1318,VEH,1318,native,DIF_alertLog
2026.26.6.5,1319,VEH,1319,native,DI_alertLog
2026.26.6.5,1322,VEH,1322,native,FC_alertLog
2026.26.6.5,1328,VEH,1328,native,VCSEC_alertLog
2026.26.6.5,1329,CH,1329,native,RADC_info
2026.26.6.5,1332,VEH,1332,native,VCFRONT_alertLog
2026.26.6.5,1334,VEH,1334,native,FC_evseBilling2
2026.26.6.5,1335,VEH,1335,native,VCFRONT1_alertLog
2026.26.6.5,1337,CH,1337,native,DAS_info
2026.26.6.5,1338,VEH,1338,native,VCBATT0_alertLog
2026.26.6.5,1339,VEH,1339,native,VCBATT1_alertLog
2026.26.6.5,1342,VEH,1342,native,CP_info
2026.26.6.5,1343,VEH,1343,native,BMS_alertLog
2026.26.6.5,1344,VEH,1344,native,SCCM_alertLog
2026.26.6.5,1345,VEH,1345,native,FC_maxLimits
2026.26.6.5,1349,VEH,1349,native,VCFRONT_systemStatus
2026.26.6.5,1351,VEH,1351,native,VCFRONT2_alertLog
2026.26.6.5,1353,CH,1353,native,APP_info
2026.26.6.5,1354,VEH,1354,native,SCS_alertLog
2026.26.6.5,1355,VEH,1355,native,SCM_alertMatrix2
2026.26.6.5,1356,VEH,1356,native,SCM_alertLog
2026.26.6.5,1357,VEH,1357,native,TAS_info
2026.26.6.5,1358,VEH,1358,native,VCBATT2_alertLog
2026.26.6.5,1359,VEH,1359,native,SCCM_alertMatrix
2026.26.6.5,1365,CH,1365,native,RADC_alertLog
2026.26.6.5,1367,VEH,1367,native,DIF_thermalControl
2026.26.6.5,1378,VEH,1378,native,
2026.26.6.5,1383,CH,1383,gateway,ADSP_state
2026.26.6.5,1397,CH,1397,gateway,
2026.26.6.5,1398,VEH,1398,native,TAS_dampingStates
2026.26.6.5,1399,VEH,1399,native,VCBATT2_logging10Hz
2026.26.6.5,1400,VEH,1400,native,
2026.26.6.5,1425,CH,1425,native,EPAS3S_alertLog
2026.26.6.5,1426,PARTY,1426,native,EPAS3P_alertLog
2026.26.6.5,1438,VEH,1442,native,
2026.26.6.5,1439,VEH,1443,native,
2026.26.6.5,1444,VEH,1444,native,PM_alertLog
2026.26.6.5,1445,VEH,1445,native,DIR_alertLog
2026.26.6.5,1446,VEH,1446,native,PMR_alertLog
2026.26.6.5,1448,VEH,1448,native,EPBR_alertLog
2026.26.6.5,1465,CH,1465,native,DAS_alertLog
2026.26.6.5,1467,VEH,1467,native,SDCR_alertMatrix
2026.26.6.5,1480,VEH,1480,native,EPBL_alertLog
2026.26.6.5,1481,CH,1481,native,APS_alertLog
2026.26.6.5,1486,CH,1486,native,PARK_alertLog
2026.26.6.5,1495,VEH,1495,native,DIR_thermalControl
2026.26.6.5,1497,CH,1497,native,DAS_carLog
2026.26.6.5,1510,CH,1510,native,APS_sysHealth
2026.26.6.5,1513,CH,1513,native,APP_alertLog
2026.26.6.5,1519,CH,1519,native,TPMS_info
2026.26.6.5,1520,CH,1520,native,USM_alertLog
2026.26.6.5,1531,VEH,1531,native,SDCR_alertLog
2026.26.6.5,1533,VEH,1533,native,UMC_alertLog
2026.26.6.5,1536,VEH,1536,gateway,
2026.26.6.5,1537,VEH,1537,native,
2026.26.6.5,1538,VEH,1538,gateway,
2026.26.6.5,1539,VEH,1539,gateway,
2026.26.6.5,1540,VEH,1540,gateway,
2026.26.6.5,1541,VEH,1541,gateway,
2026.26.6.5,1542,VEH,1542,gateway,
2026.26.6.5,1543,VEH,1543,gateway,
2026.26.6.5,1544,VEH,1544,gateway,
2026.26.6.5,1545,VEH,1545,native,
2026.26.6.5,1546,VEH,1546,gateway,
2026.26.6.5,1549,VEH,1549,native,
2026.26.6.5,1550,VEH,1550,gateway,
2026.26.6.5,1552,VEH,1552,gateway,
2026.26.6.5,1553,VEH,1553,native,
2026.26.6.5,1554,VEH,1554,native,
2026.26.6.5,1555,VEH,1555,native,
2026.26.6.5,1556,VEH,1556,native,
2026.26.6.5,1557,VEH,1557,native,
2026.26.6.5,1558,VEH,1558,native,
2026.26.6.5,1559,VEH,1559,native,
2026.26.6.5,1560,VEH,1560,gateway,
2026.26.6.5,1562,CH,1562,gateway,
2026.26.6.5,1564,CH,1564,gateway,
2026.26.6.5,1566,VEH,1566,native,
2026.26.6.5,1567,VEH,1563,native,
2026.26.6.5,1568,VEH,1568,gateway,
2026.26.6.5,1569,CH,1569,gateway,UI_weatherDataService
2026.26.6.5,1569,VEH,1565,gateway,UI_weatherDataService
2026.26.6.5,1570,VEH,1570,gateway,
2026.26.6.5,1571,VEH,1571,native,
2026.26.6.5,1572,VEH,1572,gateway,
2026.26.6.5,1573,VEH,1573,native,
2026.26.6.5,1574,VEH,1574,gateway,
2026.26.6.5,1575,VEH,1575,native,
2026.26.6.5,1576,VEH,1576,gateway,
2026.26.6.5,1577,VEH,1577,native,
2026.26.6.5,1578,VEH,1548,gateway,
2026.26.6.5,1579,VEH,1579,gateway,
2026.26.6.5,1580,VEH,1580,gateway,
2026.26.6.5,1581,VEH,1581,native,
2026.26.6.5,1582,VEH,1582,gateway,
2026.26.6.5,1583,VEH,1583,native,
2026.26.6.5,1584,CH,1584,gateway,
2026.26.6.5,1586,VEH,1586,gateway,
2026.26.6.5,1587,VEH,1569,native,
2026.26.6.5,1588,VEH,1562,gateway,
2026.26.6.5,1589,VEH,1589,gateway,
2026.26.6.5,1597,VEH,1597,native,SDCR_info
2026.26.6.5,1600,VEH,1600,native,
2026.26.6.5,1601,CH,1601,gateway,
2026.26.6.5,1604,VEH,1604,gateway,
2026.26.6.5,1605,CH,1605,gateway,
2026.26.6.5,1607,VEH,1607,gateway,
2026.26.6.5,1609,CH,1609,gateway,
2026.26.6.5,1611,VEH,1611,gateway,
2026.26.6.5,1613,CH,1613,gateway,
2026.26.6.5,1614,CH,1614,gateway,
2026.26.6.5,1615,CH,1615,gateway,
2026.26.6.5,1616,VEH,1616,gateway,
2026.26.6.5,1617,CH,1617,native,
2026.26.6.5,1618,PARTY,1618,native,VCBATT0_info
2026.26.6.5,1620,VEH,1620,native,
2026.26.6.5,1621,CH,1621,native,
2026.26.6.5,1622,PARTY,1622,native,DIF_info
2026.26.6.5,1623,VEH,1623,native,DI_info
2026.26.6.5,1624,VEH,1624,native,
2026.26.6.5,1625,CH,1625,native,
2026.26.6.5,1627,VEH,1627,native,
2026.26.6.5,1629,CH,1629,native,
2026.26.6.5,1630,CH,1630,native,
2026.26.6.5,1631,CH,1631,native,
2026.26.6.5,1634,VEH,1634,gateway,
2026.26.6.5,1635,VEH,1635,native,
2026.26.6.5,1636,VEH,1633,gateway,
2026.26.6.5,1641,VEH,1641,gateway,
2026.26.6.5,1649,CH,1649,gateway,
2026.26.6.5,1650,VEH,1650,native,HCML_info
2026.26.6.5,1651,VEH,1651,gateway,VEH_isoTpToEvse
2026.26.6.5,1655,VEH,1655,native,VC_LVBMS_statusHigh
2026.26.6.5,1657,VEH,1657,gateway,UI_ambientLightingCtrls
2026.26.6.5,1662,VEH,1662,native,EVSE_isoTpToVeh
2026.26.6.5,1664,VEH,1664,gateway,
2026.26.6.5,1665,CH,1665,native,
2026.26.6.5,1666,VEH,1666,native,
2026.26.6.5,1675,VEH,1675,native,VCRIGHT_hvacStatus2
2026.26.6.5,1680,VEH,1680,native,
2026.26.6.5,1723,VEH,1723,gateway,
2026.26.6.5,1734,VEH,1734,gateway,
2026.26.6.5,1748,VEH,1748,native,PMR_info
2026.26.6.5,1750,VEH,1750,native,
2026.26.6.5,1766,VEH,1766,gateway,PNCD_IsoTpPipeToCp
2026.26.6.5,1767,VEH,1767,native,CP_IsoTpPipeToPncd
2026.26.6.5,1787,VEH,1787,native,
2026.26.6.5,1795,VEH,1795,native,VCRIGHT_debugThermal10Hz
2026.26.6.5,1801,VEH,1801,native,VCFRONT_logging0point1Hz
2026.26.6.5,1802,VEH,1802,native,VCLEFT_logging0point1Hz
2026.26.6.5,1803,VEH,1803,native,VCRIGHT_logging0point1Hz
2026.26.6.5,1810,VEH,1810,native,BMS_packTemperatureMeasurements
2026.26.6.5,1816,VEH,1816,native,VC_LVBMS_statusLow
2026.26.6.5,1817,VEH,1817,native,VCSEC_debug100ms
2026.26.6.5,1824,VEH,1824,native,VCSEC_ecuConfig
2026.26.6.5,1827,CH,1827,gateway,UI_ussThresholdsX
2026.26.6.5,1829,CH,1829,gateway,UI_ussThresholdsY
2026.26.6.5,1834,VEH,1547,native,
2026.26.6.5,1835,VEH,1291,native,TAS_alertLog
2026.26.6.5,1840,CH,1840,gateway,
2026.26.6.5,1847,VEH,1847,native,VCFRONT_LVBMS_info
2026.26.6.5,1848,CH,1848,native,
2026.26.6.5,1850,VEH,1850,native,VC_LVBMS_brickMeasurements
2026.26.6.5,1858,VEH,1858,native,VCBATT1_LVBMS_statusHigh
2026.26.6.5,1859,VEH,1859,native,VCRIGHT_recallStatus
2026.26.6.5,1860,VEH,1860,native,VCLEFT_recallStatus
2026.26.6.5,1861,PARTY,1861,native,DI_chassisControl2
2026.26.6.5,1863,PARTY,778,native,VCLEFT_restraintStatus
2026.26.6.5,1865,CH,992,native,APS_powerStateInputs
2026.26.6.5,1866,VEH,1022,native,DI_estimatedBrakeTemp
2026.26.6.5,1869,PARTY,1869,native,DI_chassisControl3
2026.26.6.5,1879,PARTY,1879,native,DIF_debug
2026.26.6.5,1885,VEH,1885,native,CP_loggingFast
2026.26.6.5,1914,VEH,1914,native,HVP_log1hz
2026.26.6.5,1943,VEH,1943,native,
2026.26.6.5,1949,VEH,1949,native,V2G_evseLogData
2026.26.6.5,1951,VEH,1951,gateway,ADSP_audioVisualizer
2026.26.6.5,1962,VEH,1962,native,HVP_debugMessage
2026.26.6.5,1969,VEH,1969,gateway,UI_weatherDataServiceForecast
2026.26.6.5,1971,CH,1971,gateway,UI_dynamicTriggersCampaignFired
2026.26.6.5,1973,PARTY,1973,native,PM_itpmsDisplay
2026.26.6.5,1974,PARTY,1974,native,
2026.26.6.5,1980,VEH,1980,native,HCMR_info
2026.26.6.5,1992,VEH,1992,native,EPBL_info
2026.26.6.5,1994,PARTY,1994,native,VCCC_info
2026.26.6.5,2002,VEH,1363,native,
2026.26.6.5,2005,VEH,2005,native,DIR_debug
2026.26.6.5,2006,PARTY,600,native,DI_stalklessInterfaces
2026.26.6.5,2007,VEH,2007,native,DI_debug
2026.26.6.5,2010,VEH,291,native,VCRIGHT_doorStatus2
2026.26.6.5,2011,VEH,1360,native,VCRIGHT_alertLog
2026.26.6.5,2012,VEH,290,native,VCLEFT_doorStatus2
2026.26.6.5,2013,VEH,1373,native,VCLEFT_alertLog
2026.26.6.5,2014,CH,2015,gateway,
2026.26.6.5,2015,VEH,2015,gateway,
2026.26.6.5,2016,VEH,1353,native,VCFRONT_homelink
2026.26.6.5,2017,VEH,1173,native,VCFRONT_LVHealthDebug
2026.26.6.5,2018,VEH,1140,native,VCFRONT_LVHealth
2026.26.6.5,2019,CH,850,native,TRCM_info
2026.26.6.5,2020,CH,1010,native,RCM3_alertMatrix
2026.26.6.5,2021,VEH,647,native,PTC_sensorStatus
2026.26.6.5,2022,VEH,1551,native,PM_info
2026.26.6.5,2023,PARTY,1364,native,PMR_mfgData
2026.26.6.5,2024,VEH,2024,native,EPBR_info
2026.26.6.5,2025,VEH,664,native,ICR_status
2026.26.6.5,2027,VEH,536,native,ICR_occupancy
2026.26.6.5,2028,VEH,952,native,ICR_alertMatrix
2026.26.6.5,2029,VEH,784,native,HVP_info
2026.26.6.5,2030,CH,882,native,TRCM_alertMatrix
2026.26.6.5,2031,VEH,586,native,
2026.26.6.5,2032,PARTY,289,native,RCM_nearDeploy
2026.26.6.5,2035,PARTY,914,native,EPAS3P_alertMatrix
2026.26.6.5,2036,PARTY,282,native,DI_vdcRight
2026.26.6.5,2037,PARTY,294,native,DIR_motorStatus
2026.26.6.5,2038,PARTY,2038,native,PM_vdcDebug
2026.26.6.5,2039,CH,810,native,DAS_warningMatrix0
2026.26.6.5,2040,CH,970,native,DAS_gpsStatus
2026.26.6.5,2041,VEH,989,native,CP_loggingSlow
2026.26.6.5,2042,VEH,1834,native,
2026.26.6.5,2043,VEH,2043,gateway,UI_debugTas
2026.26.6.5,2044,CH,1056,native,APS_state
2026.26.6.5,2045,CH,1279,native,APP_defogInfoMessage
2026.26.6.5,2046,CH,1012,native,APP_camCalibrationStatus
