message,length,cycle_ms,routes
ADSP_alertLog,8,0,
ADSP_alertMatrix1,8,1000,
ADSP_alertMatrix2,8,1000,
ADSP_audioVisualizer,1,20,VEH:1951:gateway
ADSP_state,8,200,CH:1383:gateway
APB_status,8,100,CH:600:native
APP_VC_infoMessage,8,1000,VEH:909:native
APP_alertLog,8,0,CH:1513:native
APP_backupDashCamStatus,1,500,CH:1045:native
APP_boardTemperatures,7,1000,CH:1020:native
APP_camCalibrationStatus,6,1000,CH:1012:native
APP_cameraLux,8,500,CH:1018:native
APP_cameraStatus,3,500,CH:1040:native
APP_dashCamStatus,3,500,CH:1043:native
APP_defogInfoMessage,8,1000,CH:1279:native
APP_driverMonitorStatus,5,500,CH:939:native
APP_environment,3,1000,CH:603:native
APP_factorySummonGoal,8,1000,CH:1061:native
APP_frontParkAssistData,6,100,CH:843:native
APP_info,8,1000,CH:1353:native
APP_rearParkAssistData,5,100,CH:907:native
APP_status,8,100,CH:601:native
APP_trafficControl,6,500,CH:605:native
APP_visionOcsStatus,5,100,CH:859:native
APP_warningMatrix0,8,1000,CH:809:native
APP_warningMatrix1,8,1000,CH:873:native
APP_warningMatrix2,8,1000,CH:1065:native
APP_warningMatrix3,8,1000,CH:1081:native
APP_warningMatrix4,8,1000,CH:1097:native
APP_warningMatrix5,8,1000,CH:1151:native
APP_warningMatrix6,8,1000,CH:1149:native
APP_warningMatrix7,8,1000,CH:1233:native
APSB_alertLog,8,0,
APSB_eacMonitor,3,100,
APSB_powerStateInputs,3,100,
APSB_state,8,100,
APSB_status,8,500,
APSB_warningMatrix0,8,1000,
APSB_warningMatrix1,8,1000,
APSB_warningMatrix2,8,1000,
APSB_warningMatrix3,8,1000,
APSB_warningMatrix4,8,1000,
APS_alertLog,8,0,CH:1481:native
APS_eacMonitor,3,100,CH:637:native
APS_powerStateInputs,3,100,CH:992:native
APS_state,8,100,CH:1056:native
APS_status,8,500,CH:969:native
APS_status2,2,100,CH:1052:native
APS_sysHealth,7,1000,CH:1510:native
APS_warningMatrix0,8,1000,CH:811:native
APS_warningMatrix1,8,1000,CH:876:native
APS_warningMatrix2,8,1000,CH:1113:native
APS_warningMatrix3,8,1000,CH:848:native
APS_warningMatrix4,8,1000,CH:784:native
BB_status,7,10,
BMS_alertLog,8,0,VEH:1343:native
BMS_alertMatrix,8,1000,VEH:800:native
BMS_bmbMinMax,6,1000,VEH:818:native
BMS_brickMeasurements,8,1000,VEH:1025:native
BMS_chargeInfo,8,1000,VEH:1138:native
BMS_driveLimits,8,100,VEH:722:native
BMS_energyStatus,8,2000,VEH:850:native
BMS_hvBusStatus,6,10,VEH:306:native
BMS_info,8,1000,VEH:768:native
BMS_kwhCounter,8,1000,VEH:978:native
BMS_kwhCountersMultiplexed,8,1000,VEH:1010:native
BMS_log1,8,1000,VEH:882:native
BMS_log2,8,30000,VEH:946:native
BMS_packConfig,8,1000,VEH:914:native
BMS_packTemperatureMeasurements,8,1000,VEH:1810:native
BMS_powerAvailable,8,100,VEH:594:native
BMS_rippleRequest,7,1000,VEH:674:native
BMS_socStatus,8,100,VEH:658:native
BMS_stateOfHealth,7,1000,VEH:1170:native
BMS_status,8,100,VEH:530:native
BMS_thermalStatus,8,1000,VEH:786:native
BMS_v2xInfo,7,1000,VEH:1071:native
BMS_vehNm,2,100,VEH:754:native
BMS_vehicleNotifications,5,5000,VEH:810:native
CC_alertLog,8,0,VEH:1116:native
CC_alertMatrix1,8,1000,VEH:1132:native
CC_chgStatus,8,100,VEH:796:native
CC_chgStatus2,8,100,VEH:797:native
CC_logData,8,1000,VEH:812:native
CMPD_info,8,1000,VEH:870:native
CMPD_state,8,100,VEH:679:native
CMP_HVStatus,8,100,
CMP_info,8,1000,VEH:867:native
CP_IsoTpPipeToPncd,8,0,
CP_alertLog,8,0,VEH:1294:native
CP_alertMatrix,8,1000,VEH:798:native
CP_chargeStatus,6,100,VEH:317:native
CP_dcChargeStatus,5,100,VEH:669:native
CP_evseStatus,8,100,VEH:541:native
CP_gridFormControl,6,1000,VEH:733:native
CP_info,8,1000,VEH:1342:native
CP_loggingFast,8,200,VEH:1885:native
CP_loggingSlow,8,1000,VEH:989:native
CP_status,8,100,VEH:605:native
CP_thermalStatus,8,1000,VEH:893:native
DAS_alertLog,8,0,CH:1465:native
DAS_autonomyControl,3,100,BUS1:526:native
DAS_autonomyDebugInfo,2,100,CH:401:native
DAS_autonomyUiControl,3,100,BUS1:584:native
DAS_autopilotDebug,8,100,CH:583:native
DAS_bodyControls,8,500,VEH:1001:native
DAS_carLog,8,333,CH:1497:native
DAS_control,8,40,BUS1:697:native
DAS_gpsStatus,8,1000,CH:970:native
DAS_info,8,1000,CH:1337:native
DAS_lanes,8,100,CH:569:native
DAS_object,8,30,
DAS_positioningEngineStatus,8,250,
DAS_smartShift,4,100,BUS1:299:native
DAS_status,8,500,CH:921:native
DAS_status2,8,500,CH:905:native
DAS_telemetryRadar,8,5,
DAS_visualDebug,8,100,CH:586:native
DAS_warningMatrix0,8,1000,CH:810:native
DAS_warningMatrix1,8,1000,CH:874:native
DAS_warningMatrix2,8,1000,CH:841:native
DAS_warningMatrix3,8,1000,CH:1082:native
DIF_alertLog,8,0,VEH:1318:native
DIF_alertMatrix,8,1000,VEH:854:native
DIF_debug,8,100,BUS1:1879:native
DIF_hvStatus,8,100,VEH:634:native
DIF_info,8,1000,BUS1:1622:native
DIF_motorStatus,5,100,BUS1:421:native
DIF_oilPump,8,100,BUS1:918:native
DIF_power,8,1000,VEH:741:native
DIF_status,8,10,BUS1:725:native
DIF_temperature,8,1000,VEH:886:native
DIF_thermalControl,5,1000,VEH:1367:native
DIF_torque,8,10,BUS1:390:native
DIR_alertLog,8,0,VEH:1445:native
DIR_alertMatrix,8,1000,VEH:935:native
DIR_debug,8,100,VEH:2005:native
DIR_hvStatus,8,100,VEH:633:native
DIR_info,8,1000,VEH:821:native
DIR_motorStatus,5,100,BUS1:294:native
DIR_oilPump,8,100,VEH:917:native
DIR_power,8,1000,VEH:614:native
DIR_status,8,10,BUS1:598:native
DIR_temperature,8,1000,VEH:789:native
DIR_thermalControl,5,1000,VEH:1495:native
DIR_torque,8,10,BUS1:264:native
DI_alertLog,8,0,VEH:1319:native
DI_alertMatrix,8,1000,VEH:871:native
DI_autonomyHealth,8,100,BUS1:84:native
DI_chassisControl,8,20,BUS1:328:native
DI_chassisControl2,8,100,BUS1:1861:native
DI_chassisControl3,8,1000,BUS1:1869:native
DI_chassisControlStatus,3,100,VEH:694:native
DI_debug,8,100,VEH:2007:native
DI_estimatedBrakeTemp,8,1000,VEH:1022:native
DI_info,8,1000,VEH:1623:native
DI_locStatus,8,100,BUS1:646:native
DI_locStatus2,8,100,BUS1:1270:native
DI_maxRatedPower,3,1000,BUS1:822:native
DI_odometerStatus,8,1000,VEH:950:native
DI_speed,8,20,BUS1:599:native
DI_stalklessInterfaces,3,100,BUS1:600:native
DI_suggestedGear,4,100,BUS1:597:native
DI_systemLimits,6,100,VEH:296:native
DI_systemPower,5,100,VEH:616:native
DI_systemStatus,8,10,VEH:280:native
DI_vdcRight,8,20,BUS1:282:native
DI_vehicleEstimates,8,1000,BUS1:615:native
DPB_alertLog,8,0,
DPB_alertMatrix,8,1000,
EPAS3P_alertLog,8,0,BUS1:1426:native
EPAS3P_alertMatrix,8,1000,BUS1:914:native
EPAS3P_angleCalibration,8,1000,BUS1:977:native
EPAS3P_info,8,1000,BUS1:817:native
EPAS3P_sysStatus,8,10,BUS1:880:native
EPAS3S_alertLog,8,0,CH:1425:native
EPAS3S_alertMatrix,8,1000,CH:913:native
EPAS3S_angleCalibration,8,1000,CH:977:native
EPAS3S_info,8,1000,CH:785:native
EPAS3S_sysStatus,8,10,CH:880:native
EPASTP_alertLog,8,0,
EPASTP_alertMatrix,8,1000,
EPASTS_alertLog,8,0,
EPASTS_alertMatrix,8,1000,
EPBL_alertLog,8,0,VEH:1480:native
EPBL_alertMatrix,8,100,VEH:968:native
EPBL_info,8,1000,VEH:1992:native
EPBL_internalStatus,8,100,VEH:648:native
EPBL_seatStatus3,5,1000,VEH:743:native
EPBL_status,8,100,VEH:680:native
EPBR_alertLog,8,0,VEH:1448:native
EPBR_alertMatrix,8,100,VEH:1000:native
EPBR_info,8,1000,VEH:2024:native
EPBR_internalStatus,8,100,VEH:552:native
EPBR_seatStatus3,7,1000,VEH:742:native
EPBR_status,8,100,VEH:744:native
ESP_alertMatrix,8,1000,CH:981:native
ESP_info,8,10000,CH:805:native
ESP_party3,7,10,BUS1:909:native
ESP_status,8,20,BUS1:325:native
EVSE_isoTpToVeh,8,0,VEH:1662:native
FC_alertLog,8,0,VEH:1322:native
FC_alertMatrix3,8,1000,VEH:895:native
FC_alertMatrix4,8,1000,VEH:927:native
FC_alertMatrix5,8,1000,VEH:958:native
FC_alertMatrix6,8,1000,VEH:990:native
FC_evseBilling,8,1000,VEH:1117:native
FC_evseBilling2,8,1000,VEH:1334:native
FC_identifier,8,1000,VEH:1303:native
FC_info,8,1000,VEH:1310:native
FC_limits,8,100,VEH:580:native
FC_limitsHighPower,8,100,VEH:702:native
FC_maxLimits,8,100,VEH:1345:native
FC_serial,8,1000,VEH:1300:native
FC_status,8,100,VEH:532:native
FC_status2,1,1000,VEH:533:native
FC_status3,8,1000,VEH:535:native
GTW_ECall,1,1000,
GTW_adc4,8,1000,
GTW_alertLog,8,0,
GTW_alertMatrix,8,100,
GTW_autopilotOverride,8,1000,
GTW_canStatus,3,1000,
GTW_carConfig,8,100,
GTW_diagSession,4,250,
GTW_ethNm,2,100,
GTW_gearControl,7,100,
GTW_hrl,7,2000,
GTW_hrlExternalEvent,8,1000,
GTW_info,8,2000,
GTW_mismatchFault,8,250,
GTW_status,8,1000,
GTW_updateStatus,1,1000,
GTW_vehNm,7,100,
HCML_info,8,10000,VEH:1650:native
HCMR_info,8,10000,VEH:1980:native
HVP_alertLog,8,0,VEH:1290:native
HVP_alertMatrix,8,1000,VEH:938:native
HVP_contactorState,6,1000,VEH:522:native
HVP_debugMessage,8,1000,VEH:1962:native
HVP_hvsControl,4,100,VEH:554:native
HVP_info,8,10000,VEH:784:native
HVP_log1hz,8,1000,VEH:1914:native
IBST_alertMatrix,8,1000,CH:861:native
IBST_info,8,10000,CH:813:native
IBST_status,5,40,BUS1:925:native
ICR_alertLog,8,0,VEH:1208:native
ICR_alertMatrix,8,100,VEH:952:native
ICR_info,8,10000,VEH:941:native
ICR_nonLocalizedOccupancy,5,100,VEH:667:native
ICR_occupancy,5,100,VEH:536:native
ICR_occupancy2,8,100,VEH:670:native
ICR_status,4,100,VEH:664:native
IDB_alertLog,8,0,
IDB_alertMatrix,8,1000,
IDB_info,8,10000,
LS_lightShow,8,0,VEH:1012:gateway
OCS1P_alertLog,8,0,
OCS1P_alertMatrix,8,100,
OCS1P_info,8,1000,
OCS1P_status,8,500,
PARK_alertLog,8,0,CH:1486:native
PARK_info,8,1000,CH:806:native
PARK_pasFrontMiddle,5,100,CH:846:native
PARK_pasRearMiddle,5,100,CH:862:native
PARK_pasSides,6,100,CH:926:native
PARK_pscEnvSlot,8,100,CH:606:native
PARK_pscStatus,8,40,CH:542:native
PARK_pscVehSlot,8,100,CH:590:native
PARK_sdiFront,8,40,CH:526:native
PARK_sdiRear,8,40,CH:558:native
PARK_sensorStatusFront,5,100,CH:814:native
PARK_sensorStatusRear,5,100,CH:830:native
PARK_status,6,500,CH:798:native
PARK_status2,8,250,CH:782:native
PARK_warningMatrix,8,1000,CH:894:native
PCS2_alertLog,8,0,VEH:1092:native
PCS2_alertMatrix,8,1000,VEH:996:native
PCS2_logging,8,100,VEH:740:native
PCS2_v2xInfo2,4,100,VEH:1039:native
PCS_alertLog,8,0,VEH:1060:native
PCS_alertMatrix,8,1000,VEH:932:native
PCS_chgLineStatus,6,100,VEH:612:native
PCS_chgStatus,8,100,VEH:516:native
PCS_dcdcRailStatus,6,100,VEH:692:native
PCS_dcdcStatus,8,100,VEH:548:native
PCS_info,8,1000,VEH:964:native
PCS_logging,8,1000,VEH:708:native
PCS_thermalStatus,8,1000,VEH:676:native
PMF_alertLog,8,0,VEH:1317:native
PMF_alertMatrix,8,1000,VEH:772:native
PMF_info,8,1000,VEH:790:native
PMF_mfgData,7,1000,BUS1:1316:native
PMR_alertLog,8,0,VEH:1446:native
PMR_alertMatrix,8,1000,VEH:902:native
PMR_info,8,1000,VEH:1748:native
PMR_mfgData,7,1000,BUS1:1364:native
PM_alertLog,8,0,VEH:1444:native
PM_alertMatrix,8,1000,VEH:900:native
PM_info,8,1000,VEH:1551:native
PM_itpmsDisplay,3,1000,BUS1:1973:native
PM_locState,8,10,VEH:485:native
PM_vdcDebug,8,20,BUS1:2038:native
PNCD_IsoTpPipeToCp,8,0,VEH:1766:gateway
PTC_feedbackStatus,8,100,
PTC_info,8,1000,VEH:837:native
PTC_sensorStatus,8,100,VEH:647:native
RADC_alertLog,8,0,CH:1365:native
RADC_alertMatrix0,8,1000,CH:1282:native
RADC_info,8,1000,CH:1329:native
RCM2_alertLog,8,0,CH:1249:native
RCM2_alertMatrix,8,1000,CH:1009:native
RCM3_alertLog,8,0,CH:1252:native
RCM3_alertMatrix,8,1000,CH:1010:native
RCM_alertLog,8,0,
RCM_alertMatrix,8,1000,
RCM_collision,4,10,BUS1:17:native
RCM_inertial1,8,20,CH:257:native
RCM_inertial2,8,20,CH:273:native
RCM_info,8,2000,CH:849:native
RCM_nearDeploy,4,10,BUS1:289:native
RCM_status,6,100,CH:529:native
RCU_alertLog,8,0,
RCU_alertMatrix,8,1000,
RCU_info,8,10000,
SCCM_alertLog,8,0,VEH:1344:native
SCCM_alertMatrix,8,100,VEH:1359:native
SCCM_info,8,1000,VEH:816:native
SCCM_leftStalk,4,50,VEH:585:native
SCCM_rightStalk,3,100,VEH:553:native
SCCM_steeringAngleSensor,8,10,VEH:297:native
SCM_alertLog,8,0,VEH:1356:native
SCM_alertMatrix1,8,1000,VEH:815:native
SCM_alertMatrix2,8,1000,VEH:1355:native
SCS_alertLog,8,0,VEH:1354:native
SCS_alertMatrix1,8,1000,VEH:869:native
SCS_alertMatrix2,8,1000,VEH:880:native
SDCR_alertLog,8,0,VEH:1531:native
SDCR_alertMatrix,8,1000,VEH:1467:native
SDCR_info,8,1000,VEH:1597:native
TAS_alertLog,8,0,VEH:1291:native
TAS_alertMatrix,8,100,VEH:852:native
TAS_axleData,8,20,VEH:523:native
TAS_dampingStates,8,100,VEH:1398:native
TAS_info,8,1000,VEH:1357:native
TAS_states,8,100,VEH:525:native
TAS_uiAdaptiveActivity0,8,50,VEH:409:native
TAS_uiAdaptiveActivity1,4,50,VEH:410:native
TAS_uiControl,5,100,VEH:538:native
TCU2_SleepConfig,1,1000,
TCU2_alertLog,8,0,
TCU2_alertMatrix1,8,1000,
TCU2_log,8,1000,
TCU_SleepConfig,1,1000,
TCU_alertLog,8,0,
TCU_alertMatrix1,8,1000,
TCU_log,8,1000,
TPMS_StatusC,8,1000,CH:879:native
TPMS_data,8,1000,CH:799:native
TPMS_info,8,1000,CH:1519:native
TRCM_alertLog,8,0,CH:1298:native
TRCM_alertMatrix,8,100,CH:882:native
TRCM_info,8,1000,CH:850:native
UIS_log,8,0,
UI_IsoTpPipeRemoteVCSEC,8,0,VEH:1154:gateway
UI_IsoTpUDPPipeVCSEC,8,0,VEH:1153:gateway
UI_airbagCutoffStatus,1,500,
UI_alertLog,8,0,
UI_alertMatrix1,8,1000,
UI_alertMatrix2,8,1000,
UI_alertMatrix3,8,1000,
UI_alertMatrix4,8,1000,
UI_alertMatrix5,8,1000,
UI_ambientLightingCtrls,7,500,VEH:1657:gateway
UI_autopilotControl,8,500,CH:1021:gateway;VEH:1021:gateway
UI_chargeRequest,5,500,VEH:819:gateway
UI_chassisControl,8,500,CH:659:gateway;VEH:659:gateway
UI_cruiseControl,3,500,VEH:531:gateway
UI_csaOfframpCurvature,8,500,CH:664:gateway
UI_csaRoadCurvature,8,500,CH:679:gateway
UI_debugECU,2,5000,VEH:1280:gateway
UI_debugTas,8,2000,VEH:2043:gateway
UI_driverAssistAnonDebugParams,8,1000,CH:1096:gateway
UI_driverAssistControl,8,1000,CH:1016:gateway
UI_driverAssistMapData,8,500,CH:568:gateway;VEH:568:gateway
UI_driverAssistRoadSign,8,500,CH:536:gateway
UI_driverProfileRecall,8,500,VEH:645:gateway
UI_driverProfileRecall2,5,500,VEH:651:gateway
UI_dynamicTriggersCampaignFired,8,500,CH:1971:gateway
UI_elevationStatus,4,1000,VEH:984:gateway
UI_energyConsumptionInfo,8,1000,
UI_ethNm,8,500,VEH:1139:gateway
UI_frontSeatRequests,4,500,VEH:1267:gateway
UI_gearSliderInfo,8,2000,
UI_gpsTime,8,1000,VEH:804:gateway
UI_gpsVehicleSpeed,8,1000,CH:760:gateway;VEH:883:gateway
UI_gridFormControl,2,1000,VEH:912:gateway
UI_hvacRequest,8,500,VEH:755:gateway
UI_locationOffset,8,1000,CH:985:gateway
UI_locationStatus,8,1000,CH:777:gateway;VEH:777:gateway
UI_odo,3,1000,CH:1011:gateway;VEH:1523:gateway
UI_peripheralPowerRequests,1,500,VEH:948:gateway
UI_phoneLocationStatus,8,1000,CH:987:gateway
UI_power,3,1000,VEH:955:gateway
UI_powerEstimates,6,1000,VEH:827:gateway
UI_powerRationalityConfig,8,5000,VEH:661:gateway
UI_powertrainControl,8,500,CH:820:gateway;VEH:820:gateway
UI_radarMapData,8,500,CH:698:gateway
UI_range,8,1000,VEH:826:gateway
UI_roadCurvature,8,500,CH:632:gateway
UI_seatControl,3,500,
UI_solarData,8,1000,CH:723:gateway;VEH:723:gateway
UI_stalklessControl,5,500,
UI_status,8,500,CH:851:gateway;VEH:851:gateway
UI_status2,8,500,CH:991:gateway;VEH:991:gateway
UI_status3,1,1000,
UI_summonGoal,8,1000,CH:988:gateway
UI_suspensionControl,8,500,VEH:663:gateway
UI_systemMonitor,8,15000,
UI_telemetryControl,8,1000,CH:1064:gateway
UI_tpmsMode,4,0,CH:856:gateway
UI_tpmsRCPsetting,4,1000,CH:952:gateway;VEH:956:gateway
UI_trackModeSettings,8,500,VEH:787:gateway
UI_tripPlannerInfo,5,1000,
UI_tripPlanning,8,1000,VEH:839:gateway
UI_tripPlanning2,6,1000,
UI_tripPlanning3,8,1000,
UI_tripPlanning4,6,1000,
UI_tripPlanning5,4,1000,
UI_uiHealthStatus,6,500,CH:852:gateway
UI_ussThresholdsX,8,0,CH:1827:gateway
UI_ussThresholdsY,8,0,CH:1829:gateway
UI_vehicleControl,8,500,VEH:627:gateway
UI_vehicleControl2,8,500,CH:947:gateway;VEH:947:gateway
UI_vehicleControl3,8,500,VEH:660:gateway
UI_vehicleControl4,1,500,VEH:1193:gateway
UI_vehicleControlThermal,7,1000,VEH:853:gateway
UI_vehicleModes,8,500,CH:644:gateway;VEH:644:gateway
UI_ventPanelControlRequest,8,500,VEH:595:gateway
UI_weatherDataService,8,500,CH:1569:gateway;VEH:1565:gateway
UI_weatherDataServiceForecast,8,10000,VEH:1969:gateway
UMC_alertLog,8,0,VEH:1533:native
UMC_alertMatrix1,8,1000,VEH:824:native
UMC_smartAdapterInfo,8,100,VEH:1285:native
USM_alertLog,8,0,CH:1520:native
USM_alertMatrix,8,100,CH:954:native
USM_info,8,1000,CH:807:native
V2G_evseLogData,8,0,VEH:1949:native
VCBATT0_alertLog,8,0,VEH:1338:native
VCBATT0_alertMatrix,8,100,VEH:973:native
VCBATT0_info,8,1000,BUS1:1618:native
VCBATT1_LVBMS_statusHigh,8,40,VEH:1858:native
VCBATT1_LVSelfTests,8,500,VEH:1119:native
VCBATT1_alertLog,8,0,VEH:1339:native
VCBATT1_alertMatrix,8,100,VEH:974:native
VCBATT1_eFuseDebugStatus,7,200,VEH:1030:native
VCBATT2_alertLog,8,0,VEH:1358:native
VCBATT2_alertMatrix,8,100,VEH:975:native
VCBATT2_logging10Hz,5,100,VEH:1399:native
VCBATT_LVHealth,5,100,VEH:945:native
VCBATT_pcsInterface,8,50,VEH:1090:native
VCCC_info,8,1000,BUS1:1994:native
VCFRONT1_alertLog,8,0,VEH:1335:native
VCFRONT1_alertMatrix,8,100,VEH:833:native
VCFRONT1_eFuseDebugStatus,7,200,VEH:1027:native
VCFRONT2_alertLog,8,0,VEH:1351:native
VCFRONT2_alertMatrix,8,100,VEH:834:native
VCFRONT_12VBatteryStatus,8,16,VEH:609:native
VCFRONT_LVBMS_info,7,1000,VEH:1847:native
VCFRONT_LVHealth,5,100,VEH:1140:native
VCFRONT_LVHealthDebug,6,1000,VEH:1173:native
VCFRONT_LVPowerState,8,50,VEH:545:native
VCFRONT_LVThermalMotors10Hz,8,8,VEH:700:native
VCFRONT_alertLog,8,0,VEH:1332:native
VCFRONT_alertMatrix,8,100,VEH:832:native
VCFRONT_coolant,7,100,VEH:577:native
VCFRONT_eFuseDebugStatus,8,100,VEH:753:native
VCFRONT_homelink,6,10000,VEH:1353:native
VCFRONT_info,8,1000,VEH:769:native
VCFRONT_lightStatus,8,1000,VEH:1014:native
VCFRONT_lighting,8,100,VEH:1013:native
VCFRONT_logging0point1Hz,8,294,VEH:1801:native
VCFRONT_logging10Hz,8,20,VEH:705:native
VCFRONT_logging1Hz,8,36,VEH:897:native
VCFRONT_loggingAndVitals10Hz,8,25,VEH:513:native
VCFRONT_okToUseHighPower,2,100,VEH:721:native
VCFRONT_parkedEnergyLoss,8,1000,VEH:957:native
VCFRONT_partyDebug,7,100,BUS1:260:native
VCFRONT_sensors,8,1000,VEH:801:native
VCFRONT_status,8,16,VEH:737:native
VCFRONT_systemStatus,8,33,VEH:1349:native
VCFRONT_vehicleStatus,8,50,VEH:929:native
VCLEFT_TLCStatus,8,5000,VEH:507:native
VCLEFT_alertLog,8,0,VEH:1373:native
VCLEFT_alertMatrix,8,100,VEH:864:native
VCLEFT_doorStatus,8,100,BUS1:258:native
VCLEFT_doorStatus2,8,100,VEH:290:native
VCLEFT_epbmDebug,8,100,VEH:626:native
VCLEFT_epbmStatus,8,100,BUS1:546:native
VCLEFT_etcBluetoothStatus,1,1000,VEH:1186:native
VCLEFT_hvacBlowerFeedback,8,100,VEH:642:native
VCLEFT_info,8,1000,VEH:770:native
VCLEFT_liftgateLeaderRequest,8,500,VEH:292:native
VCLEFT_liftgateStatus,8,50,VEH:322:native
VCLEFT_lightStatus,7,200,VEH:994:native
VCLEFT_logging0point1Hz,8,10000,VEH:1802:native
VCLEFT_logging10Hz,8,100,
VCLEFT_logging1Hz,8,200,VEH:936:native
VCLEFT_pitchEstimation,4,1000,VEH:727:native
VCLEFT_recallStatus,1,1000,VEH:1860:native
VCLEFT_restraintStatus,8,50,BUS1:778:native
VCLEFT_seatStatus,8,100,VEH:1250:native
VCLEFT_seatStatus2,8,200,VEH:738:native
VCLEFT_status,8,33,VEH:930:native
VCLEFT_steeringColumnStatus,8,1000,VEH:610:native
VCLEFT_switchStatus,8,50,VEH:962:native
VCLEFT_thermalLogging10Hz,8,20,VEH:656:native
VCLEFT_thermalLogging1Hz,7,500,VEH:657:native
VCLEFT_thermalStatus,8,100,VEH:386:native
VCLEFT_windowStatus,8,100,VEH:706:native
VCRIGHT_AP_hvacState10Hz,8,50,VEH:1114:native
VCRIGHT_AP_hvacState1Hz,8,1000,BUS1:1124:native
VCRIGHT_LVPowerState,4,100,VEH:549:native
VCRIGHT_PTCRequest,6,100,VEH:643:native
VCRIGHT_alertLog,8,0,VEH:1360:native
VCRIGHT_alertMatrix,8,100,VEH:960:native
VCRIGHT_debugThermal10Hz,8,10,VEH:1795:native
VCRIGHT_doorStatus,8,100,BUS1:259:native
VCRIGHT_doorStatus2,8,100,VEH:291:native
VCRIGHT_epbmDebug,8,100,VEH:915:native
VCRIGHT_epbmStatus,8,100,BUS1:611:native
VCRIGHT_hvacRequest,8,100,VEH:524:native
VCRIGHT_hvacStatus,8,20,VEH:579:native
VCRIGHT_hvacStatus2,8,100,VEH:1675:native
VCRIGHT_info,8,1000,VEH:771:native
VCRIGHT_lightStatus,4,200,VEH:995:native
VCRIGHT_logging0point1Hz,8,1000,VEH:1803:native
VCRIGHT_logging10Hz,8,20,VEH:611:native
VCRIGHT_logging1Hz,8,60,VEH:691:native
VCRIGHT_recallStatus,1,1000,VEH:1859:native
VCRIGHT_restraintStatus,8,50,BUS1:794:native
VCRIGHT_seatStatus,8,100,VEH:1251:native
VCRIGHT_seatStatus2,7,200,VEH:739:native
VCRIGHT_status,8,100,VEH:835:native
VCRIGHT_switchStatus,8,100,VEH:963:native
VCRIGHT_thsStatus,8,100,VEH:899:native
VCRIGHT_vehNm,7,100,VEH:1059:native
VCRIGHT_windowStatus,8,100,VEH:707:native
VCSEAT2L_alertLog,8,0,
VCSEAT2L_alertMatrix,8,100,
VCSEAT2L_seatStatus,8,100,
VCSEAT2L_seatStatus2,8,200,
VCSEAT2R_alertLog,8,0,
VCSEAT2R_alertMatrix,8,100,
VCSEAT2R_seatStatus,8,100,
VCSEAT2R_seatStatus2,8,200,
VCSEC_BLEEndpointInfo,8,1000,VEH:969:native
VCSEC_ChildSeatStatus,8,500,VEH:607:native
VCSEC_DeviceStatus,8,100,VEH:857:native
VCSEC_IsoTpPipeRemoteUI,8,0,
VCSEC_IsoTpUDPPipeUI,8,0,VEH:473:native
VCSEC_TPMSConnectionData,8,200,VEH:1066:native
VCSEC_TPMSData,7,100,VEH:537:native
VCSEC_TPMSDisplay,6,1000,VEH:602:native
VCSEC_TPMSStatus,8,1000,VEH:570:native
VCSEC_UWBData,8,100,VEH:1067:native
VCSEC_additionalAuthInfo,8,100,VEH:761:native
VCSEC_alertLog,8,0,VEH:1328:native
VCSEC_alertMatrix,8,100,VEH:1017:native
VCSEC_authentication,8,100,VEH:825:native
VCSEC_debug100ms,8,50,VEH:1817:native
VCSEC_ecuConfig,5,10000,VEH:1824:native
VCSEC_info,8,1000,VEH:793:native
VCSEC_requests,8,100,VEH:505:native
VCSEC_requests2,4,100,VEH:281:native
VC_LVBMS_brickMeasurements,8,1000,VEH:1850:native
VC_LVBMS_statusHigh,8,40,VEH:1655:native
VC_LVBMS_statusLow,8,200,VEH:1816:native
VC_pcsInterface,8,50,VEH:1089:native
VC_pcsManagement,6,500,VEH:1091:native
VEH_billing,4,1000,VEH:1107:gateway
VEH_isoTpToEvse,8,0,VEH:1651:gateway
