model,bus,can_id,dlc,frames
Model3,VEH,258,8,2900
Model3,VEH,259,8,2902
Model3,VEH,275,3,2900
Model3,VEH,290,8,2895
Model3,VEH,291,8,2900
Model3,VEH,306,6,28963
Model3,VEH,317,6,2897
Model3,VEH,322,8,5797
Model3,VEH,504,4,2892
Model3,VEH,506,3,2903
Model3,VEH,507,8,59
Model3,VEH,513,8,11588
Model3,VEH,516,8,2900
Model3,VEH,522,6,291
Model3,VEH,524,8,2894
Model3,VEH,526,3,2902
Model3,VEH,530,8,2903
Model3,VEH,531,2,573
Model3,VEH,541,8,2893
Model3,VEH,545,8,5797
Model3,VEH,548,8,2907
Model3,VEH,549,4,2892
Model3,VEH,552,8,2898
Model3,VEH,554,4,2888
Model3,VEH,555,8,5792
Model3,VEH,562,8,291
Model3,VEH,564,8,5790
Model3,VEH,568,8,584
Model3,VEH,577,7,2902
Model3,VEH,578,4,2892
Model3,VEH,579,8,14493
Model3,VEH,586,1,290
Model3,VEH,594,8,2904
Model3,VEH,595,8,1156
Model3,VEH,603,8,2909
Model3,VEH,605,8,2896
Model3,VEH,609,8,18126
Model3,VEH,610,8,288
Model3,VEH,611,8,14491
Model3,VEH,612,6,2904
Model3,VEH,626,8,2894
Model3,VEH,627,8,578
Model3,VEH,637,8,2897
Model3,VEH,642,8,2896
Model3,VEH,643,6,2895
Model3,VEH,644,8,583
Model3,VEH,645,8,2308
Model3,VEH,646,5,574
Model3,VEH,648,8,2900
Model3,VEH,649,8,2893
Model3,VEH,658,8,2906
Model3,VEH,659,8,575
Model3,VEH,660,8,579
Model3,VEH,661,8,697
Model3,VEH,669,5,2900
Model3,VEH,673,6,2904
Model3,VEH,676,8,287
Model3,VEH,680,8,2894
Model3,VEH,682,3,2884
Model3,VEH,691,8,4832
Model3,VEH,692,6,2911
Model3,VEH,701,4,2898
Model3,VEH,703,8,1448
Model3,VEH,705,8,14468
Model3,VEH,706,8,2902
Model3,VEH,707,8,2892
Model3,VEH,708,8,2900
Model3,VEH,721,2,2906
Model3,VEH,722,8,2903
Model3,VEH,723,8,581
Model3,VEH,727,4,288
Model3,VEH,737,8,18098
Model3,VEH,738,8,1453
Model3,VEH,739,7,1447
Model3,VEH,744,8,2901
Model3,VEH,748,3,2899
Model3,VEH,753,8,2895
Model3,VEH,754,2,2908
Model3,VEH,755,8,579
Model3,VEH,768,8,290
Model3,VEH,769,8,288
Model3,VEH,770,8,289
Model3,VEH,771,8,288
Model3,VEH,777,8,293
Model3,VEH,784,8,170
Model3,VEH,785,2,290
Model3,VEH,786,8,587
Model3,VEH,787,8,581
Model3,VEH,792,8,2907
Model3,VEH,794,8,1450
Model3,VEH,798,8,1151
Model3,VEH,800,8,1447
Model3,VEH,801,8,291
Model3,VEH,803,5,289
Model3,VEH,804,8,289
Model3,VEH,810,5,59
Model3,VEH,818,6,290
Model3,VEH,819,5,578
Model3,VEH,820,8,578
Model3,VEH,826,8,289
Model3,VEH,827,6,290
Model3,VEH,829,8,289
Model3,VEH,832,8,2893
Model3,VEH,835,8,2898
Model3,VEH,839,8,289
Model3,VEH,840,8,293
Model3,VEH,850,8,437
Model3,VEH,851,8,286
Model3,VEH,853,7,290
Model3,VEH,863,1,287
Model3,VEH,864,8,2905
Model3,VEH,865,5,291
Model3,VEH,866,3,289
Model3,VEH,868,4,289
Model3,VEH,882,8,4046
Model3,VEH,883,8,288
Model3,VEH,893,8,289
Model3,VEH,897,8,8053
Model3,VEH,898,5,285
Model3,VEH,899,8,2906
Model3,VEH,907,8,294
Model3,VEH,909,8,286
Model3,VEH,912,2,286
Model3,VEH,914,8,588
Model3,VEH,915,8,2898
Model3,VEH,923,8,585
Model3,VEH,929,8,5792
Model3,VEH,930,8,8788
Model3,VEH,931,8,2895
Model3,VEH,932,8,290
Model3,VEH,936,8,1452
Model3,VEH,938,8,582
Model3,VEH,942,8,8546
Model3,VEH,946,8,927
Model3,VEH,947,8,579
Model3,VEH,948,1,579
Model3,VEH,955,3,291
Model3,VEH,956,4,287
Model3,VEH,957,8,290
Model3,VEH,960,8,2895
Model3,VEH,962,8,5802
Model3,VEH,963,8,2893
Model3,VEH,964,8,350
Model3,VEH,968,8,2891
Model3,VEH,972,8,582
Model3,VEH,978,8,290
Model3,VEH,979,3,289
Model3,VEH,984,4,286
Model3,VEH,989,8,288
Model3,VEH,991,8,575
Model3,VEH,994,7,1450
Model3,VEH,995,4,1446
Model3,VEH,1000,8,2896
Model3,VEH,1001,8,584
Model3,VEH,1005,1,294
Model3,VEH,1010,8,290
Model3,VEH,1013,8,2903
Model3,VEH,1014,8,288
Model3,VEH,1018,8,569
Model3,VEH,1021,8,1738
Model3,VEH,1024,7,2894
Model3,VEH,1025,8,10437
Model3,VEH,1029,8,1167
Model3,VEH,1031,8,580
Model3,VEH,1033,1,2896
Model3,VEH,1034,8,1447
Model3,VEH,1044,8,1165
Model3,VEH,1049,1,2902
Model3,VEH,1053,2,2899
Model3,VEH,1056,8,2895
Model3,VEH,1057,7,2892
Model3,VEH,1058,6,2899
Model3,VEH,1059,7,2897
Model3,VEH,1064,7,2899
Model3,VEH,1070,8,287
Model3,VEH,1071,7,287
Model3,VEH,1089,8,5792
Model3,VEH,1091,6,574
Model3,VEH,1096,7,2892
Model3,VEH,1106,3,290
Model3,VEH,1107,4,294
Model3,VEH,1112,7,2908
Model3,VEH,1114,8,5801
Model3,VEH,1115,2,29
Model3,VEH,1138,8,290
Model3,VEH,1139,8,584
Model3,VEH,1154,8,144
Model3,VEH,1170,7,290
Model3,VEH,1181,7,2902
Model3,VEH,1250,8,2897
Model3,VEH,1251,8,2903
Model3,VEH,1267,4,573
Model3,VEH,1289,5,28
Model3,VEH,1320,4,293
Model3,VEH,1327,8,294
Model3,VEH,1342,8,174
Model3,VEH,1349,8,8777
Model3,VEH,1353,6,27
Model3,VEH,1362,8,2898
Model3,VEH,1363,8,2909
Model3,VEH,1370,8,1165
Model3,VEH,1523,3,290
Model3,VEH,1565,8,580
Model3,VEH,1638,4,1166
Model3,VEH,1650,8,30
Model3,VEH,1655,8,7244
Model3,VEH,1666,8,2892
Model3,VEH,1736,8,293
Model3,VEH,1768,8,286
Model3,VEH,1800,5,288
Model3,VEH,1801,8,986
Model3,VEH,1802,5,29
Model3,VEH,1803,8,291
Model3,VEH,1810,8,1758
Model3,VEH,1816,8,1450
Model3,VEH,1828,3,289
Model3,VEH,1830,3,287
Model3,VEH,1831,2,291
Model3,VEH,1834,8,60
Model3,VEH,1847,7,292
Model3,VEH,1859,1,291
Model3,VEH,1860,1,288
Model3,VEH,1864,5,286
Model3,VEH,1874,8,291
Model3,VEH,1885,8,1450
Model3,VEH,1914,8,581
Model3,VEH,1917,4,2901
Model3,VEH,1922,8,100
Model3,VEH,1928,8,2891
Model3,VEH,1929,4,2903
Model3,VEH,1930,8,2899
Model3,VEH,1943,4,2894
Model3,VEH,1944,8,2895
Model3,VEH,1960,8,2897
Model3,VEH,1962,8,3757
Model3,VEH,1969,8,144
Model3,VEH,1976,8,2903
Model3,VEH,1980,8,28
Model3,VEH,1992,8,291
Model3,VEH,2013,5,2901
Model3,VEH,2024,8,289
Model3,VEH,2036,1,2907
Model3,VEH,2047,8,2910
ModelY,VEH,79,8,28
ModelY,VEH,130,8,25
ModelY,VEH,258,8,268
ModelY,VEH,259,8,269
ModelY,VEH,275,3,229
ModelY,VEH,290,8,269
ModelY,VEH,291,8,269
ModelY,VEH,322,8,534
ModelY,VEH,443,1,52
ModelY,VEH,504,4,268
ModelY,VEH,506,3,266
ModelY,VEH,507,8,533
ModelY,VEH,513,8,1066
ModelY,VEH,524,8,268
ModelY,VEH,531,2,53
ModelY,VEH,545,8,534
ModelY,VEH,549,4,265
ModelY,VEH,552,8,266
ModelY,VEH,568,8,49
ModelY,VEH,577,7,266
ModelY,VEH,578,3,265
ModelY,VEH,579,8,1338
ModelY,VEH,595,8,99
ModelY,VEH,609,8,1670
ModelY,VEH,610,8,267
ModelY,VEH,611,8,1334
ModelY,VEH,626,8,269
ModelY,VEH,627,8,52
ModelY,VEH,642,8,267
ModelY,VEH,643,6,267
ModelY,VEH,644,8,52
ModelY,VEH,645,8,181
ModelY,VEH,646,5,51
ModelY,VEH,648,8,265
ModelY,VEH,649,8,268
ModelY,VEH,659,8,53
ModelY,VEH,660,8,53
ModelY,VEH,661,8,48
ModelY,VEH,673,6,269
ModelY,VEH,680,8,266
ModelY,VEH,690,8,10
ModelY,VEH,691,8,442
ModelY,VEH,703,6,133
ModelY,VEH,705,8,1338
ModelY,VEH,706,8,266
ModelY,VEH,707,8,266
ModelY,VEH,721,2,265
ModelY,VEH,723,8,24
ModelY,VEH,727,5,263
ModelY,VEH,737,8,1903
ModelY,VEH,738,8,130
ModelY,VEH,739,7,130
ModelY,VEH,744,8,265
ModelY,VEH,753,8,269
ModelY,VEH,755,8,53
ModelY,VEH,769,8,29
ModelY,VEH,770,8,27
ModelY,VEH,771,8,28
ModelY,VEH,787,8,52
ModelY,VEH,792,8,151
ModelY,VEH,801,8,25
ModelY,VEH,803,5,26
ModelY,VEH,804,8,26
ModelY,VEH,819,5,56
ModelY,VEH,820,8,45
ModelY,VEH,826,8,27
ModelY,VEH,832,8,268
ModelY,VEH,835,8,266
ModelY,VEH,851,8,23
ModelY,VEH,853,3,25
ModelY,VEH,864,8,267
ModelY,VEH,865,5,27
ModelY,VEH,866,3,27
ModelY,VEH,883,8,24
ModelY,VEH,897,8,701
ModelY,VEH,898,5,26
ModelY,VEH,899,8,266
ModelY,VEH,915,8,268
ModelY,VEH,929,8,532
ModelY,VEH,930,8,812
ModelY,VEH,931,8,267
ModelY,VEH,936,8,80
ModelY,VEH,947,8,46
ModelY,VEH,955,2,26
ModelY,VEH,956,6,27
ModelY,VEH,957,8,27
ModelY,VEH,960,8,268
ModelY,VEH,962,8,533
ModelY,VEH,963,8,267
ModelY,VEH,968,8,268
ModelY,VEH,979,3,28
ModelY,VEH,984,4,23
ModelY,VEH,991,8,53
ModelY,VEH,994,7,133
ModelY,VEH,995,4,134
ModelY,VEH,1000,8,268
ModelY,VEH,1005,1,25
ModelY,VEH,1013,8,265
ModelY,VEH,1014,8,28
ModelY,VEH,1021,8,133
ModelY,VEH,1029,8,77
ModelY,VEH,1034,8,134
ModelY,VEH,1050,8,134
ModelY,VEH,1057,7,265
ModelY,VEH,1058,6,266
ModelY,VEH,1059,7,266
ModelY,VEH,1064,6,265
ModelY,VEH,1089,8,533
ModelY,VEH,1096,6,266
ModelY,VEH,1107,4,26
ModelY,VEH,1112,7,78
ModelY,VEH,1114,8,534
ModelY,VEH,1115,2,2
ModelY,VEH,1139,8,53
ModelY,VEH,1154,8,28
ModelY,VEH,1250,8,266
ModelY,VEH,1251,8,263
ModelY,VEH,1267,3,33
ModelY,VEH,1301,2,2
ModelY,VEH,1314,2,3
ModelY,VEH,1320,4,26
ModelY,VEH,1327,8,26
ModelY,VEH,1332,8,103
ModelY,VEH,1349,8,812
ModelY,VEH,1360,8,89
ModelY,VEH,1362,8,269
ModelY,VEH,1363,8,269
ModelY,VEH,1370,8,97
ModelY,VEH,1373,8,91
ModelY,VEH,1448,8,78
ModelY,VEH,1480,8,84
ModelY,VEH,1523,3,21
ModelY,VEH,1638,4,105
ModelY,VEH,1650,7,2
ModelY,VEH,1655,8,807
ModelY,VEH,1736,8,265
ModelY,VEH,1768,8,266
ModelY,VEH,1800,5,26
ModelY,VEH,1801,8,79
ModelY,VEH,1802,5,2
ModelY,VEH,1803,8,16
ModelY,VEH,1816,7,267
ModelY,VEH,1828,3,28
ModelY,VEH,1830,3,24
ModelY,VEH,1831,2,24
ModelY,VEH,1847,7,26
ModelY,VEH,1850,8,25
ModelY,VEH,1859,1,25
ModelY,VEH,1860,1,25
ModelY,VEH,1864,5,25
ModelY,VEH,1928,8,266
ModelY,VEH,1929,8,266
ModelY,VEH,1943,8,268
ModelY,VEH,1944,8,266
ModelY,VEH,1960,8,263
ModelY,VEH,1976,8,268
ModelY,VEH,1980,7,2
ModelY,VEH,1992,8,29
ModelY,VEH,2024,8,27
ModelY,VEH,2036,1,213
ModelY,VEH,2047,8,195
