old_name,new_name,message,old_id,new_id,reason,confidence
DAS_status,DAS_status,DAS_status,0x39B,0x399,renumbered,proven
ID00CUI_status,UI_status,UI_status,0xC,0x353,renumbered,proven
ID111RCM_inertial2,RCM_inertial2,RCM_inertial2,0x111,0x116,renumbered,proven
ID119VCSEC_windowRequests,VCSEC_requests2,VCSEC_requests2,0x119,0x2,renamed+renumbered,proven
ID122VCLEFT_doorStatus2,VCLEFT_doorStatus2,VCLEFT_doorStatus2,0x122,0x7DC,renumbered,proven
ID23DCP_chargeStatus,CP_chargeStatus,CP_chargeStatus,0x23D,0x13D,renumbered,proven
ID3FEbrakeTemps,DI_estimatedBrakeTemp,DI_estimatedBrakeTemp,0x3FE,0x74A,renamed+renumbered,proven
BMSdissipation312,BMS_powerDissipation,BMS_thermalStatus,0x312,0x312,renamed,proven
BMSflowRequest312,BMS_flowRequest,BMS_thermalStatus,0x312,0x312,renamed,proven
BMSinletActiveCoolTarget312,BMS_inletActiveCoolTargetT,BMS_thermalStatus,0x312,0x312,renamed,proven
BMSinletActiveHeatTarget312,BMS_inletActiveHeatTargetT,BMS_thermalStatus,0x312,0x312,renamed,proven
BMSinletPassiveTarget312,BMS_inletPassiveTargetT,BMS_thermalStatus,0x312,0x312,renamed,proven
BMSmaxPackTemperature,BMS_maxPackTemperature,BMS_thermalStatus,0x312,0x312,renamed,proven
BMSminPackTemperature,BMS_minPackTemperature,BMS_thermalStatus,0x312,0x312,renamed,proven
BMSnoFlowRequest312,BMS_noFlowRequest,BMS_thermalStatus,0x312,0x312,renamed,proven
BMSpcsNoFlowRequest312,BMS_pcsNoFlowRequest,BMS_thermalStatus,0x312,0x312,renamed,proven
Brick0,BMS_brickVoltage1,BMS_brickMeasurements,0x401,0x401,renamed,proven
Brick1,BMS_brickVoltage2,BMS_brickMeasurements,0x401,0x401,renamed,proven
Brick10,BMS_brickVoltage11,BMS_brickMeasurements,0x401,0x401,renamed,proven
Brick100,BMS_brickVoltage101,BMS_brickMeasurements,0x401,0x401,renamed,proven
Brick101,BMS_brickVoltage102,BMS_brickMeasurements,0x401,0x401,renamed,proven
Brick102,BMS_brickVoltage103,BMS_brickMeasurements,0x401,0x401,renamed,proven
Brick103,BMS_brickVoltage104,BMS_brickMeasurements,0x401,0x401,renamed,proven
Brick104,BMS_brickVoltage105,BMS_brickMeasurements,0x401,0x401,renamed,proven
Brick105,BMS_brickVoltage106,BMS_brickMeasurements,0x401,0x401,renamed,proven
Brick106,BMS_brickVoltage107,BMS_brickMeasurements,0x401,0x401,renamed,proven
Brick107,BMS_brickVoltage108,BMS_brickMeasurements,0x401,0x401,renamed,proven
Brick11,BMS_brickVoltage12,BMS_brickMeasurements,0x401,0x401,renamed,proven
Brick12,BMS_brickVoltage13,BMS_brickMeasurements,0x401,0x401,renamed,proven
Brick13,BMS_brickVoltage14,BMS_brickMeasurements,0x401,0x401,renamed,proven
Brick14,BMS_brickVoltage15,BMS_brickMeasurements,0x401,0x401,renamed,proven
Brick15,BMS_brickVoltage16,BMS_brickMeasurements,0x401,0x401,renamed,proven
Brick16,BMS_brickVoltage17,BMS_brickMeasurements,0x401,0x401,renamed,proven
Brick17,BMS_brickVoltage18,BMS_brickMeasurements,0x401,0x401,renamed,proven
Brick18,BMS_brickVoltage19,BMS_brickMeasurements,0x401,0x401,renamed,proven
Brick19,BMS_brickVoltage20,BMS_brickMeasurements,0x401,0x401,renamed,proven
Brick2,BMS_brickVoltage3,BMS_brickMeasurements,0x401,0x401,renamed,proven
Brick20,BMS_brickVoltage21,BMS_brickMeasurements,0x401,0x401,renamed,proven
Brick21,BMS_brickVoltage22,BMS_brickMeasurements,0x401,0x401,renamed,proven
Brick22,BMS_brickVoltage23,BMS_brickMeasurements,0x401,0x401,renamed,proven
Brick23,BMS_brickVoltage24,BMS_brickMeasurements,0x401,0x401,renamed,proven
Brick24,BMS_brickVoltage25,BMS_brickMeasurements,0x401,0x401,renamed,proven
Brick25,BMS_brickVoltage26,BMS_brickMeasurements,0x401,0x401,renamed,proven
Brick26,BMS_brickVoltage27,BMS_brickMeasurements,0x401,0x401,renamed,proven
Brick27,BMS_brickVoltage28,BMS_brickMeasurements,0x401,0x401,renamed,proven
Brick28,BMS_brickVoltage29,BMS_brickMeasurements,0x401,0x401,renamed,proven
Brick29,BMS_brickVoltage30,BMS_brickMeasurements,0x401,0x401,renamed,proven
Brick3,BMS_brickVoltage4,BMS_brickMeasurements,0x401,0x401,renamed,proven
Brick30,BMS_brickVoltage31,BMS_brickMeasurements,0x401,0x401,renamed,proven
Brick31,BMS_brickVoltage32,BMS_brickMeasurements,0x401,0x401,renamed,proven
Brick32,BMS_brickVoltage33,BMS_brickMeasurements,0x401,0x401,renamed,proven
Brick33,BMS_brickVoltage35,BMS_brickMeasurements,0x401,0x401,renamed,proven
Brick34,BMS_brickVoltage34,BMS_brickMeasurements,0x401,0x401,renamed,proven
Brick35,BMS_brickVoltage36,BMS_brickMeasurements,0x401,0x401,renamed,proven
Brick36,BMS_brickVoltage37,BMS_brickMeasurements,0x401,0x401,renamed,proven
Brick37,BMS_brickVoltage38,BMS_brickMeasurements,0x401,0x401,renamed,proven
Brick38,BMS_brickVoltage39,BMS_brickMeasurements,0x401,0x401,renamed,proven
Brick39,BMS_brickVoltage40,BMS_brickMeasurements,0x401,0x401,renamed,proven
Brick4,BMS_brickVoltage5,BMS_brickMeasurements,0x401,0x401,renamed,proven
Brick40,BMS_brickVoltage41,BMS_brickMeasurements,0x401,0x401,renamed,proven
Brick41,BMS_brickVoltage42,BMS_brickMeasurements,0x401,0x401,renamed,proven
Brick42,BMS_brickVoltage43,BMS_brickMeasurements,0x401,0x401,renamed,proven
Brick43,BMS_brickVoltage44,BMS_brickMeasurements,0x401,0x401,renamed,proven
Brick44,BMS_brickVoltage45,BMS_brickMeasurements,0x401,0x401,renamed,proven
Brick45,BMS_brickVoltage46,BMS_brickMeasurements,0x401,0x401,renamed,proven
Brick46,BMS_brickVoltage47,BMS_brickMeasurements,0x401,0x401,renamed,proven
Brick47,BMS_brickVoltage48,BMS_brickMeasurements,0x401,0x401,renamed,proven
Brick48,BMS_brickVoltage49,BMS_brickMeasurements,0x401,0x401,renamed,proven
Brick49,BMS_brickVoltage50,BMS_brickMeasurements,0x401,0x401,renamed,proven
Brick5,BMS_brickVoltage6,BMS_brickMeasurements,0x401,0x401,renamed,proven
Brick50,BMS_brickVoltage51,BMS_brickMeasurements,0x401,0x401,renamed,proven
Brick51,BMS_brickVoltage52,BMS_brickMeasurements,0x401,0x401,renamed,proven
Brick52,BMS_brickVoltage53,BMS_brickMeasurements,0x401,0x401,renamed,proven
Brick53,BMS_brickVoltage54,BMS_brickMeasurements,0x401,0x401,renamed,proven
Brick54,BMS_brickVoltage55,BMS_brickMeasurements,0x401,0x401,renamed,proven
Brick55,BMS_brickVoltage56,BMS_brickMeasurements,0x401,0x401,renamed,proven
Brick56,BMS_brickVoltage57,BMS_brickMeasurements,0x401,0x401,renamed,proven
Brick57,BMS_brickVoltage58,BMS_brickMeasurements,0x401,0x401,renamed,proven
Brick58,BMS_brickVoltage59,BMS_brickMeasurements,0x401,0x401,renamed,proven
Brick59,BMS_brickVoltage60,BMS_brickMeasurements,0x401,0x401,renamed,proven
Brick6,BMS_brickVoltage7,BMS_brickMeasurements,0x401,0x401,renamed,proven
Brick60,BMS_brickVoltage61,BMS_brickMeasurements,0x401,0x401,renamed,proven
Brick61,BMS_brickVoltage62,BMS_brickMeasurements,0x401,0x401,renamed,proven
Brick62,BMS_brickVoltage63,BMS_brickMeasurements,0x401,0x401,renamed,proven
Brick63,BMS_brickVoltage64,BMS_brickMeasurements,0x401,0x401,renamed,proven
Brick64,BMS_brickVoltage65,BMS_brickMeasurements,0x401,0x401,renamed,proven
Brick65,BMS_brickVoltage66,BMS_brickMeasurements,0x401,0x401,renamed,proven
Brick66,BMS_brickVoltage67,BMS_brickMeasurements,0x401,0x401,renamed,proven
Brick67,BMS_brickVoltage68,BMS_brickMeasurements,0x401,0x401,renamed,proven
Brick68,BMS_brickVoltage69,BMS_brickMeasurements,0x401,0x401,renamed,proven
Brick69,BMS_brickVoltage70,BMS_brickMeasurements,0x401,0x401,renamed,proven
Brick7,BMS_brickVoltage8,BMS_brickMeasurements,0x401,0x401,renamed,proven
Brick70,BMS_brickVoltage71,BMS_brickMeasurements,0x401,0x401,renamed,proven
Brick71,BMS_brickVoltage72,BMS_brickMeasurements,0x401,0x401,renamed,proven
Brick72,BMS_brickVoltage73,BMS_brickMeasurements,0x401,0x401,renamed,proven
Brick73,BMS_brickVoltage74,BMS_brickMeasurements,0x401,0x401,renamed,proven
Brick74,BMS_brickVoltage75,BMS_brickMeasurements,0x401,0x401,renamed,proven
Brick75,BMS_brickVoltage76,BMS_brickMeasurements,0x401,0x401,renamed,proven
Brick76,BMS_brickVoltage77,BMS_brickMeasurements,0x401,0x401,renamed,proven
Brick77,BMS_brickVoltage78,BMS_brickMeasurements,0x401,0x401,renamed,proven
Brick78,BMS_brickVoltage79,BMS_brickMeasurements,0x401,0x401,renamed,proven
Brick79,BMS_brickVoltage80,BMS_brickMeasurements,0x401,0x401,renamed,proven
Brick8,BMS_brickVoltage9,BMS_brickMeasurements,0x401,0x401,renamed,proven
Brick80,BMS_brickVoltage81,BMS_brickMeasurements,0x401,0x401,renamed,proven
Brick81,BMS_brickVoltage82,BMS_brickMeasurements,0x401,0x401,renamed,proven
Brick82,BMS_brickVoltage83,BMS_brickMeasurements,0x401,0x401,renamed,proven
Brick83,BMS_brickVoltage84,BMS_brickMeasurements,0x401,0x401,renamed,proven
Brick84,BMS_brickVoltage85,BMS_brickMeasurements,0x401,0x401,renamed,proven
Brick85,BMS_brickVoltage86,BMS_brickMeasurements,0x401,0x401,renamed,proven
Brick86,BMS_brickVoltage87,BMS_brickMeasurements,0x401,0x401,renamed,proven
Brick87,BMS_brickVoltage88,BMS_brickMeasurements,0x401,0x401,renamed,proven
Brick88,BMS_brickVoltage89,BMS_brickMeasurements,0x401,0x401,renamed,proven
Brick89,BMS_brickVoltage90,BMS_brickMeasurements,0x401,0x401,renamed,proven
Brick9,BMS_brickVoltage10,BMS_brickMeasurements,0x401,0x401,renamed,proven
Brick90,BMS_brickVoltage91,BMS_brickMeasurements,0x401,0x401,renamed,proven
Brick91,BMS_brickVoltage92,BMS_brickMeasurements,0x401,0x401,renamed,proven
Brick92,BMS_brickVoltage93,BMS_brickMeasurements,0x401,0x401,renamed,proven
Brick93,BMS_brickVoltage94,BMS_brickMeasurements,0x401,0x401,renamed,proven
Brick94,BMS_brickVoltage95,BMS_brickMeasurements,0x401,0x401,renamed,proven
Brick95,BMS_brickVoltage96,BMS_brickMeasurements,0x401,0x401,renamed,proven
Brick96,BMS_brickVoltage97,BMS_brickMeasurements,0x401,0x401,renamed,proven
Brick97,BMS_brickVoltage98,BMS_brickMeasurements,0x401,0x401,renamed,proven
Brick98,BMS_brickVoltage99,BMS_brickMeasurements,0x401,0x401,renamed,proven
Brick99,BMS_brickVoltage100,BMS_brickMeasurements,0x401,0x401,renamed,proven
CP_acChargeCurrentLimit,CP_evseAcCurrentLimit,CP_chargeStatus,0x13D,0x13D,renamed,proven
CP_chargeShutdownRequest,CP_powerTransferShutdownRequest,CP_chargeStatus,0x13D,0x13D,renamed,proven
CP_hvChargeStatus,CP_powerTransferStatus,CP_chargeStatus,0x13D,0x13D,renamed,proven
ChargeLineCurrent264,PCS_chgLineCurrent,PCS_chgLineStatus,0x264,0x264,renamed,proven
ChargeLineCurrentLimit264,PCS_chgAcCurrentLimit,PCS_chgLineStatus,0x264,0x264,renamed,proven
ChargeLinePower264,PCS_chgInputPower,PCS_chgLineStatus,0x264,0x264,renamed,proven
ChargeLineVoltage264,PCS_chgInputVoltage,PCS_chgLineStatus,0x264,0x264,renamed,likely
DAS_autoparkWaitingForBrake,DAS_autoparkActive,DAS_status,0x399,0x399,renamed,proven
DIS_activeInletTempReq,DIF_activeInletTempReq,DIF_thermalControl,0x557,0x557,renamed,proven
DIS_coolantFlowReq,DIF_coolantFlowReq,DIF_thermalControl,0x557,0x557,renamed,proven
DIS_oilFlowReq,DIF_oilFlowReq,DIF_thermalControl,0x557,0x557,renamed,likely
DIS_passiveInletTempReq,DIF_passiveInletTempReq,DIF_thermalControl,0x557,0x557,renamed,proven
DI_activeInletTempReq,DIR_activeInletTempReq,DIR_thermalControl,0x5D7,0x5D7,renamed,proven
DI_coolantFlowReq,DIR_coolantFlowReq,DIR_thermalControl,0x5D7,0x5D7,renamed,proven
DI_oilFlowReq,DIR_oilFlowReq,DIR_thermalControl,0x5D7,0x5D7,renamed,likely
DI_passiveInletTempReq,DIR_passiveInletTempReq,DIR_thermalControl,0x5D7,0x5D7,renamed,proven
DI_ptcStateUI,DI_ptcStateGlobalUI,DI_chassisControlStatus,0x2B6,0x2B6,renamed,proven
DrivePowerRating336,DI_sysDrivePowerRated,DI_maxRatedPower,0x336,0x336,renamed,proven
DriveRegenRating336,DI_sysRegenPowerRated,DI_maxRatedPower,0x336,0x336,renamed,proven
FCCurrentLimit244,FC_currentLimit,FC_limits,0x244,0x244,renamed,proven
FCIsolation215,FC_externalIsolationResistance,FC_status2,0x215,0x215,renamed,proven
FCMaxCurrentLimit541,FC_maxCurrentLimit,FC_maxLimits,0x541,0x541,renamed,proven
FCMaxPowerLimit541,FC_maxPowerLimit,FC_maxLimits,0x541,0x541,renamed,proven
FCMaxVlimit244,FC_maxVoltageLimit,FC_limits,0x244,0x244,renamed,proven
FCMinVlimit244,FC_minVoltageLimit,FC_limits,0x244,0x244,renamed,proven
FCPowerLimit244,FC_powerLimit,FC_limits,0x244,0x244,renamed,proven
FrontExcessHeatCmd,DIF_excessHeatCommand,DIF_power,0x2E5,0x2E5,renamed,proven
FrontHeatPower2E5,DIF_heatPowerActual,DIF_power,0x2E5,0x2E5,renamed,proven
FrontHeatPowerMax2E5,DIF_heatPowerMax,DIF_power,0x2E5,0x2E5,renamed,proven
FrontHeatPowerOptimal2E5,DIF_heatPowerOptimal,DIF_power,0x2E5,0x2E5,renamed,proven
FrontOilFlowActual396,DIF_oilPumpFlowActual,DIF_oilPump,0x396,0x396,renamed,likely
FrontOilPumpDutyCycle396,DIF_oilPumpFlowTarget,DIF_oilPump,0x396,0x396,renamed,likely
FrontOilPumpFluidTemp396,DIF_oilPumpFluidT,DIF_oilPump,0x396,0x396,renamed,proven
FrontOilPumpLeadAngle396,DIF_oilPumpLeadAngle,DIF_oilPump,0x396,0x396,renamed,proven
FrontOilPumpOilTempEst396,DIF_oilPumpPhaseCurrent,DIF_oilPump,0x396,0x396,renamed,likely
FrontOilPumpOilTempEstConfident3,DIF_oilPumpFluidTQF,DIF_oilPump,0x396,0x396,renamed,proven
FrontOilPumpPhaseCurrent396,DIF_oilPumpPressureResidual,DIF_oilPump,0x396,0x396,renamed,likely
FrontOilPumpPressureEstimate396,DIF_oilPumpPressureEstimate,DIF_oilPump,0x396,0x396,renamed,proven
FrontOilPumpPressureExpected396,DIF_oilPumpPressureExpected,DIF_oilPump,0x396,0x396,renamed,proven
FrontOilPumpState396,DIF_oilPumpState,DIF_oilPump,0x396,0x396,renamed,proven
FrontPower2E5,DIF_elecPower,DIF_power,0x2E5,0x2E5,renamed,proven
FrontPowerLimit2E5,DIF_drivePowerMax,DIF_power,0x2E5,0x2E5,renamed,proven
GearLeverButton229,SCCM_parkButtonStatus,SCCM_rightStalk,0x229,0x229,renamed,proven
MCU_chassisControlChecksum,UI_roadSignChecksum,UI_driverAssistRoadSign,0x218,0x218,renamed,proven
MCU_chassisControlCounter,UI_roadSignCounter,UI_driverAssistRoadSign,0x218,0x218,renamed,proven
MaxChargeCurrent2D2,BMS_maxChargeCurrent,BMS_driveLimits,0x2D2,0x2D2,renamed,proven
MaxDischargeCurrent2D2,BMS_maxDischargeCurrent,BMS_driveLimits,0x2D2,0x2D2,renamed,likely
MaxVoltage2D2,BMS_maxBusVoltage,BMS_driveLimits,0x2D2,0x2D2,renamed,likely
MinVoltage2D2,BMS_minBusVoltage,BMS_driveLimits,0x2D2,0x2D2,renamed,likely
MultiplexSelector,BMS_brickVoltageMultiplexer,BMS_brickMeasurements,0x401,0x401,renamed,proven
Odometer3B6,DI_odometer,DI_odometerStatus,0x3B6,0x3B6,renamed,proven
RearExcessHeatCmd,DIR_excessHeatCommand,DIR_power,0x266,0x266,renamed,proven
RearHeatPower266,DIR_heatPowerActual,DIR_power,0x266,0x266,renamed,proven
RearHeatPowerMax266,DIR_heatPowerMax,DIR_power,0x266,0x266,renamed,proven
RearHeatPowerOptimal266,DIR_heatPowerOptimal,DIR_power,0x266,0x266,renamed,proven
RearPower266,DIR_elecPower,DIR_power,0x266,0x266,renamed,proven
RearPowerLimit266,DIR_drivePowerMax,DIR_power,0x266,0x266,renamed,proven
SystemHeatPower268,DI_sysHeatPowerActual,DI_systemPower,0x268,0x268,renamed,proven
SystemHeatPowerMax268,DI_sysHeatPowerMax,DI_systemPower,0x268,0x268,renamed,proven
SystemRegenPowerMax268,DI_sysRegenPowerMax,DI_systemPower,0x268,0x268,renamed,proven
TotalChargeKWh3D2,BMS_kwhChargeTotal,BMS_kwhCounter,0x3D2,0x3D2,renamed,proven
TotalDischargeKWh3D2,BMS_kwhDischargeTotal,BMS_kwhCounter,0x3D2,0x3D2,renamed,proven
UI_childDoorLockOn,UI_childDoorLockOnLeft,UI_vehicleControl,0x273,0x273,renamed,proven
UI_hvacReqManualDefogState,UI_hvacDefogState,UI_hvacRequest,0x2F3,0x2F3,renamed,proven
UI_smartAcChargingEnabled,UI_chargeFeature1,UI_chargeRequest,0x333,0x333,renamed,proven
UIcarWashModeRequest284,UI_carWashMode,UI_vehicleModes,0x284,0x284,renamed,proven
UIfactoryMode284,UI_factoryMode,UI_vehicleModes,0x284,0x284,renamed,proven
UIgameMode284,UI_gameMode,UI_vehicleModes,0x284,0x284,renamed,proven
UIhomelinkV2Command0284,UI_homelinkV2Command0,UI_vehicleModes,0x284,0x284,renamed,proven
UIhomelinkV2Command1284,UI_homelinkV2Command1,UI_vehicleModes,0x284,0x284,renamed,proven
UIhomelinkV2Command2284,UI_homelinkV2Command2,UI_vehicleModes,0x284,0x284,renamed,proven
UIisDelivered284,UI_isDelivered,UI_vehicleModes,0x284,0x284,renamed,proven
UIserviceMode284,UI_serviceMode,UI_vehicleModes,0x284,0x284,renamed,proven
UIshowroomMode284,UI_showroomMode,UI_vehicleModes,0x284,0x284,renamed,proven
UItransportMode284,UI_transportMode,UI_vehicleModes,0x284,0x284,renamed,proven
UIvaletMode284,UI_valetMode,UI_vehicleModes,0x284,0x284,renamed,proven
VCFRONT_hcmlAppCRC,VC_infoHCMLAppCRC,VCFRONT_info,0x301,0x301,renamed,proven
VCFRONT_hcmrAppCRC,VC_infoHCMRAppCRC,VCFRONT_info,0x301,0x301,renamed,proven
VCRIGHT_amplifierLVState,VCRIGHT_premAudioLVState,VCRIGHT_LVPowerState,0x225,0x225,renamed,proven
autopilotStatus,DAS_autopilotState,DAS_status,0x399,0x399,renamed,proven
DI_keepAliveRequest,DI_keepDrivePowerStateRequest,DI_systemStatus,0x118,0x118,renamed,proven
VCLEFT_driverPresent,VCLEFT_brakeSwitchPressed,VCLEFT_switchStatus,0x3C2,0x3C2,renamed,proven
DAS_autoparkWaitingForBrake,DAS_autoparkActive,DAS_status,0x39B,0x399,renamed,proven
DAS_stopLineDist,APP_tcControlDistance,APP_trafficControl,0x25D,0x25D,renamed,likely
BMS_keepWarmRequest,BMS_chargeRequest,BMS_status,0x212,0x212,renamed,proven
BMS_uiChargeStatus,BMS_userChargeStatus,BMS_status,0x212,0x212,renamed,proven
BattBeginningOfLifeEnergy292,BMS_beginningOfLifePackEnergy,BMS_socStatus,0x292,0x292,renamed,proven
BattBrickMultiplexer332,BMS_bmbMinMaxMultiplexer,BMS_bmbMinMax,0x332,0x332,renamed,proven
BattBrickTempMax332,BMS_thermistorTMax,BMS_bmbMinMax,0x332,0x332,renamed,proven
BattBrickTempMin332,BMS_thermistorTMin,BMS_bmbMinMax,0x332,0x332,renamed,proven
BattBrickTempMinNum332,BMS_thermistorNumTMax,BMS_bmbMinMax,0x332,0x332,renamed,proven
BattBrickVoltageMax332,BMS_brickVoltageMax,BMS_bmbMinMax,0x332,0x332,renamed,proven
BattBrickVoltageMaxNum332,BMS_brickNumVoltageMax,BMS_bmbMinMax,0x332,0x332,renamed,proven
BattBrickVoltageMin332,BMS_brickVoltageMin,BMS_bmbMinMax,0x332,0x332,renamed,proven
BattBrickVoltageMinNum332,BMS_brickNumVoltageMin,BMS_bmbMinMax,0x332,0x332,renamed,proven
BattVoltage132,BMS_packVoltage,BMS_hvBusStatus,0x132,0x132,renamed,likely
CP_acChargeCurrentLimit,CP_evseAcCurrentLimit,CP_chargeStatus,0x23D,0x13D,renamed,proven
CP_chargeShutdownRequest,CP_powerTransferShutdownRequest,CP_chargeStatus,0x23D,0x13D,renamed,proven
CP_hvChargeStatus,CP_powerTransferStatus,CP_chargeStatus,0x23D,0x13D,renamed,proven
CP_internalMaxCurrentLimit,CP_internalMaxDcCurrentLimit,CP_chargeStatus,0x23D,0x13D,renamed,likely
CP_sensorDataSelect,CP_loggingFastSelect,CP_loggingFast,0x75D,0x75D,renamed,proven
DCDC12VSupportRtyCnt224,PCS_dcdcLvSupportRtyCnt,PCS_dcdcStatus,0x224,0x224,renamed,proven
DCDC12VSupportStatus224,PCS_dcdcLvSupportStatus,PCS_dcdcStatus,0x224,0x224,renamed,proven
DCDCDischargeRtyCnt224,PCS_dcdcDischargeRtyCnt,PCS_dcdcStatus,0x224,0x224,renamed,proven
DCDCFaulted224,PCS_dcdcFaulted,PCS_dcdcStatus,0x224,0x224,renamed,proven
DCDCHvBusDischargeStatus224,PCS_dcdcHvBusDischargeStatus,PCS_dcdcStatus,0x224,0x224,renamed,proven
DCDCInitialPrechargeSubState224,PCS_dcdcInitialPrechargeSubState,PCS_dcdcStatus,0x224,0x224,renamed,proven
DCDCOutputIsLimited224,PCS_dcdcOutputIsLimited,PCS_dcdcStatus,0x224,0x224,renamed,proven
DCDCPrechargeRestartCnt224,PCS_dcdcPrechargeRestartCnt,PCS_dcdcStatus,0x224,0x224,renamed,proven
DCDCPrechargeRtyCnt224,PCS_dcdcPrechargeRtyCnt,PCS_dcdcStatus,0x224,0x224,renamed,proven
DCDCPrechargeStatus224,PCS_dcdcPrechargeStatus,PCS_dcdcStatus,0x224,0x224,renamed,proven
DCDCPwmEnableLine224,PCS_dcdcPwmEnableLine,PCS_dcdcStatus,0x224,0x224,renamed,proven
DCDCSubState224,PCS_dcdcSubState,PCS_dcdcStatus,0x224,0x224,renamed,proven
DCDCSupportingFixedLvTarget224,PCS_dcdcSupportingFixedLvTarget,PCS_dcdcStatus,0x224,0x224,renamed,proven
DCDCoutputCurrentMax224,PCS_dcdcMaxOutputCurrentAllowed,PCS_dcdcStatus,0x224,0x224,renamed,proven
Elevation3D8,UI_elevation,UI_elevationStatus,0x3D8,0x3D8,renamed,proven
GTW_rearGlassType,GTW_backupCameraType,GTW_carConfig,0x7FF,0x7FF,renamed,proven
HVP_hvilStatus,HVP_hvilDiag,HVP_contactorState,0x20A,0x20A,renamed,proven
PCS_ecuLogUploadRequest224,PCS_ecuLogUploadRequest,PCS_dcdcStatus,0x224,0x224,renamed,proven
RawBattCurrent132,BMS_currentUnfiltered,BMS_hvBusStatus,0x132,0x132,renamed,likely
SOCUI292,BMS_socUI,BMS_socStatus,0x292,0x292,renamed,proven
SOCave292,BMS_socAvg,BMS_socStatus,0x292,0x292,renamed,proven
SOCmax292,BMS_socMax,BMS_socStatus,0x292,0x292,renamed,proven
SOCmin292,BMS_socMin,BMS_socStatus,0x292,0x292,renamed,proven
SmoothBattCurrent132,BMS_packCurrent,BMS_hvBusStatus,0x132,0x132,renamed,likely
SteeringAngle129,SCCM_steeringAngle,SCCM_steeringAngleSensor,0x129,0x129,renamed,proven
SteeringSensorA129,SCCM_steeringAngleSensorReservd1,SCCM_steeringAngleSensor,0x129,0x129,renamed,proven
SteeringSensorB129,SCCM_steeringAngleSensorReservd2,SCCM_steeringAngleSensor,0x129,0x129,renamed,proven
SteeringSensorC129,SCCM_steeringAngleSensorReservd3,SCCM_steeringAngleSensor,0x129,0x129,renamed,proven
SteeringSpeed129,SCCM_steeringAngleSpeed,SCCM_steeringAngleSensor,0x129,0x129,renamed,proven
UI_Range,UI_ratedRange,UI_range,0x33A,0x33A,renamed,proven
UI_a035_AudioWatchdogKernelError,UI_a035_FrunkOpenChime,UI_alertMatrix1,0x123,0x123,renamed,proven
UI_a036_AudioWatchdogHfpError,UI_a036_AudioWatchdog,UI_alertMatrix1,0x123,0x123,renamed,proven
UI_a045_ECallNeedsService,UI_a045_ECallSystemCheckFailed,UI_alertMatrix1,0x123,0x123,renamed,proven
VCFRONT_LVBatteryDisconnected,VCFRONT_LVBatteryCannotSupportVehicle,VCFRONT_12VBatteryStatus,0x261,0x261,renamed,proven
VCFRONT_coolantValveWindupEstL,VCFRONT_coolantValveWindupEst,VCFRONT_logging1Hz,0x381,0x381,renamed,proven
VCLEFT_blowerIndex,VCLEFT_hvacBlowerFeedbackIndex,VCLEFT_hvacBlowerFeedback,0x282,0x282,renamed,proven
VCSEC_windowRequestType,VCSEC_smartTrunkSoundRequest,VCSEC_requests2,0x119,0x2,renamed,proven
