message,length,cycle_ms
ADSP_alertLog,8,0
ADSP_alertMatrix1,8,1000
ADSP_alertMatrix2,8,1000
ADSP_state,7,200
APB_status,8,100
APP_VC_infoMessage,8,1000
APP_alertLog,8,0
APP_backupDashCamStatus,1,500
APP_boardTemperatures,7,1000
APP_camCalibrationStatus,6,1000
APP_cameraLux,8,500
APP_cameraStatus,2,500
APP_dashCamStatus,3,500
APP_environment,1,1000
APP_factorySummonGoal,8,1000
APP_frontParkAssistData,6,100
APP_info,8,1000
APP_rearParkAssistData,5,100
APP_status,8,100
APP_trafficControl,6,500
APP_visionOcsStatus,5,100
APP_warningMatrix0,8,1000
APP_warningMatrix1,8,1000
APP_warningMatrix2,8,1000
APP_warningMatrix3,8,1000
APP_warningMatrix4,8,1000
APP_warningMatrix5,8,1000
APP_warningMatrix6,8,1000
APSB_powerStateInputs,3,100
APSB_state,6,100
APSB_status,8,500
APS_alertLog,8,0
APS_eacMonitor,3,100
APS_powerStateInputs,3,100
APS_state,7,100
APS_status,8,500
APS_sysHealth,7,1000
APS_warningMatrix0,8,1000
APS_warningMatrix1,8,1000
APS_warningMatrix2,8,1000
APS_warningMatrix3,8,1000
APS_warningMatrix4,8,1000
BB_status,7,10
BMS_alertLog,8,0
BMS_alertMatrix,8,1000
BMS_bmbMinMax,6,1000
BMS_chargeInfo,8,1000
BMS_debugInfo_10Hz,8,100
BMS_driveLimits,8,100
BMS_energyStatus,8,2000
BMS_hvBusStatus,8,10
BMS_info,8,1000
BMS_kwhCounter,8,1000
BMS_kwhCountersMultiplexed,8,1000
BMS_log1,8,1000
BMS_log2,8,30000
BMS_packConfig,8,1000
BMS_powerAvailable,8,100
BMS_rippleRequest,7,100
BMS_socStatus,8,100
BMS_stateOfHealth,7,1000
BMS_status,8,100
BMS_thermalStatus,8,1000
BMS_thermalStatus2,7,1000
BMS_vehNm,2,100
BMS_vehicleNotifications,5,5000
CC_alertLog,8,0
CC_alertMatrix1,8,1000
CC_chgStatus,8,100
CC_chgStatus2,8,100
CC_logData,8,1000
CMPD_info,8,1000
CMPD_state,8,100
CMP_HVStatus,8,100
CMP_info,8,1000
CP_IsoTpPipeToPncd,8,0
CP_alertLog,8,0
CP_alertMatrix,8,1000
CP_chargeStatusLog,6,100
CP_dcChargeStatus,4,100
CP_evseStatus,8,100
CP_info,8,1000
CP_loggingFast,8,200
CP_loggingSlow,8,1000
CP_status,8,100
CP_thermalStatus,8,1000
DAS_alertLog,8,0
DAS_autopilotDebug,8,100
DAS_bodyControls,8,500
DAS_carLog,8,333
DAS_control,8,40
DAS_gpsStatus,8,1000
DAS_info,8,1000
DAS_lanes,8,100
DAS_object,8,30
DAS_smartShift,4,100
DAS_status,8,500
DAS_status2,8,500
DAS_telemetryRadar,8,5
DAS_visualDebug,8,100
DAS_warningMatrix0,8,1000
DAS_warningMatrix1,8,1000
DAS_warningMatrix2,8,1000
DAS_warningMatrix3,8,1000
DIF_alertLog,8,0
DIF_alertMatrix1,8,1000
DIF_alertMatrix2,8,1000
DIF_alertMatrix3,8,1000
DIF_alertMatrix4,8,1000
DIF_debug,8,100
DIF_hvStatus,7,100
DIF_info,8,1000
DIF_motorStatus,4,100
DIF_oilPump,8,100
DIF_power,8,1000
DIF_status,7,10
DIF_temperature,8,1000
DIF_thermalControl,5,1000
DIF_torque,8,100
DIR_alertLog,8,0
DIR_alertMatrix1,8,1000
DIR_alertMatrix2,8,1000
DIR_alertMatrix3,8,1000
DIR_alertMatrix4,8,1000
DIR_debug,8,100
DIR_hvStatus,7,100
DIR_info,8,1000
DIR_motorStatus,4,100
DIR_oilPump,8,100
DIR_power,8,1000
DIR_status,7,10
DIR_temperature,8,1000
DIR_thermalControl,5,1000
DIR_torque,8,10
DI_alertLog,8,0
DI_alertMatrix1,8,1000
DI_alertMatrix2,8,1000
DI_alertMatrix3,8,1000
DI_alertMatrix4,8,1000
DI_chassisControl,8,20
DI_chassisControl2,8,100
DI_chassisControl3,8,1000
DI_chassisControlStatus,2,100
DI_debug,8,100
DI_estimatedBrakeTemp,7,1000
DI_info,8,1000
DI_locStatus,8,100
DI_locStatus2,7,100
DI_maxRatedPower,3,1000
DI_odometerStatus,8,1000
DI_speed,8,20
DI_stalklessInterfaces,3,100
DI_suggestedGear,4,100
DI_systemLimits,4,100
DI_systemPower,5,100
DI_systemStatus,8,10
DI_vdcRight,8,20
DI_vehicleEstimates,8,1000
DPB_alertMatrix,8,1000
EPAS3P_alertLog,8,0
EPAS3P_alertMatrix,8,1000
EPAS3P_angleCalibration,8,1000
EPAS3P_info,8,1000
EPAS3P_sysStatus,8,10
EPAS3S_alertLog,8,0
EPAS3S_alertMatrix,8,1000
EPAS3S_angleCalibration,8,1000
EPAS3S_info,8,1000
EPAS3S_sysStatus,8,10
EPASTP_alertLog,8,0
EPASTP_alertMatrix,8,1000
EPASTS_alertLog,8,0
EPASTS_alertMatrix,8,1000
EPBL_alertLog,8,0
EPBL_alertMatrix,8,100
EPBL_info,8,1000
EPBL_internalStatus,8,100
EPBL_seatStatus3,5,1000
EPBL_status,8,100
EPBR_alertLog,8,0
EPBR_alertMatrix,8,100
EPBR_info,8,1000
EPBR_internalStatus,8,100
EPBR_seatStatus3,5,1000
EPBR_status,8,100
ESP_alertMatrix,8,1000
ESP_info,8,10000
ESP_party3,7,10
ESP_status,8,20
EVSE_isoTpToVeh,8,0
FC_alertLog,8,0
FC_alertMatrix3,8,1000
FC_alertMatrix4,8,1000
FC_alertMatrix5,8,1000
FC_alertMatrix6,8,1000
FC_evseBilling,8,1000
FC_evseBilling2,8,1000
FC_identifier,8,1000
FC_info,8,1000
FC_limits,8,100
FC_limitsHighPower,8,100
FC_maxLimits,8,100
FC_serial,8,1000
FC_status,8,100
FC_status2,1,1000
FC_status3,8,1000
GTW_ECall,1,1000
GTW_adc4,8,1000
GTW_alertLog,8,0
GTW_alertMatrix,8,100
GTW_autopilotOverride,8,1000
GTW_canStatus,3,1000
GTW_carConfig,8,100
GTW_diagSession,4,250
GTW_ethNm,2,100
GTW_gearControl,7,100
GTW_hrl,7,2000
GTW_info,8,2000
GTW_mismatchFault,8,250
GTW_status,8,1000
GTW_updateStatus,1,1000
GTW_vehNm,7,100
HCML_info,8,10000
HCMR_info,8,10000
HVP_alertLog,8,0
HVP_alertMatrix,8,1000
HVP_contactorState,6,1000
HVP_debugMessage,8,1000
HVP_hvsControl,4,100
HVP_info,8,10000
HVP_log1hz,8,1000
IBST_alertMatrix,8,1000
IBST_info,8,10000
IBST_status,5,40
ICR_alertLog,8,0
ICR_alertMatrix,8,100
ICR_info,8,10000
ICR_intrusionDebug,7,100
ICR_occupancy,8,100
ICR_occupancy2,8,100
ICR_status,5,100
IDB_alertLog,8,0
IDB_alertMatrix,8,1000
IDB_info,8,10000
LS_lightShow,8,0
OCS1P_alertLog,8,0
OCS1P_alertMatrix,8,100
OCS1P_info,8,1000
OCS1P_status,8,500
PARK_alertLog,8,0
PARK_info,8,1000
PARK_pasFrontMiddle,5,100
PARK_pasRearMiddle,5,100
PARK_pasSides,6,100
PARK_pscEnvSlot,8,100
PARK_pscStatus,8,40
PARK_pscVehSlot,8,100
PARK_sdiFront,8,40
PARK_sdiRear,8,40
PARK_sensorStatusFront,5,100
PARK_sensorStatusRear,5,100
PARK_status,6,500
PARK_status2,8,250
PARK_warningMatrix,8,1000
PCS_alertLog,8,0
PCS_alertMatrix,8,1000
PCS_chgLineStatus,6,100
PCS_chgStatus,8,100
PCS_dcdcRailStatus,6,100
PCS_dcdcStatus,8,100
PCS_info,8,1000
PCS_logging,8,1000
PCS_thermalStatus,8,1000
PMF_alertLog,8,0
PMF_alertMatrix1,8,1000
PMF_alertMatrix2,8,1000
PMF_info,8,1000
PMF_mfgData,7,1000
PMR_alertLog,8,0
PMR_alertMatrix1,8,1000
PMR_alertMatrix2,8,1000
PMR_info,8,1000
PMR_mfgData,7,1000
PM_alertLog,8,0
PM_alertMatrix1,8,1000
PM_alertMatrix2,8,1000
PM_info,8,1000
PM_systemState,8,10
PM_vdcDebug,8,20
PNCD_IsoTpPipeToCp,8,0
PTC_feedbackStatus,8,100
PTC_info,8,1000
PTC_sensorStatus,8,100
RADC_alertLog,8,0
RADC_alertMatrix0,8,1000
RADC_info,8,1000
RCM2_alertLog,8,0
RCM2_alertMatrix,8,1000
RCM3_alertLog,8,0
RCM3_alertMatrix,8,1000
RCM_alertLog,8,0
RCM_alertMatrix,8,1000
RCM_collision,4,10
RCM_inertial1,8,20
RCM_inertial2,8,20
RCM_info,8,2000
RCM_nearDeploy,4,10
RCM_status,6,100
RCU_alertLog,8,0
RCU_alertMatrix,8,1000
RCU_info,8,10000
SCCM_alertLog,8,0
SCCM_alertMatrix,8,100
SCCM_info,8,1000
SCCM_leftStalk,4,50
SCCM_rightStalk,3,100
SCCM_steeringAngleSensor,8,10
SCM_alertLog,8,0
SCM_alertMatrix1,8,1000
SCM_alertMatrix2,8,1000
SCS_alertLog,8,0
SCS_alertMatrix1,8,1000
SCS_alertMatrix2,8,1000
SDCR_alertLog,8,0
SDCR_alertMatrix,8,1000
SDCR_info,8,1000
TAS_alertLog,8,0
TAS_alertMatrix,8,100
TAS_axleData,8,20
TAS_dampingStates,8,100
TAS_info,8,1000
TAS_states,8,100
TAS_uiAdaptiveActivity0,8,50
TAS_uiAdaptiveActivity1,4,50
TAS_uiControl,5,100
TCU_alertLog,8,0
TCU_alertMatrix1,8,1000
TCU_log,8,1000
TCU_status,8,1000
TPMS_StatusC,8,1000
TPMS_data,8,1000
TPMS_info,8,1000
TRCM_alertLog,8,0
TRCM_alertMatrix,8,100
UIS_log,8,0
UI_IsoTpPipeRemoteVCSEC,8,0
UI_IsoTpUDPPipeVCSEC,8,0
UI_airbagCutoffStatus,1,500
UI_alertLog,8,0
UI_alertMatrix1,8,1000
UI_alertMatrix2,8,1000
UI_alertMatrix3,8,1000
UI_alertMatrix4,8,1000
UI_ambientLightingCtrls,7,500
UI_autopilotControl,8,500
UI_chargeRequest,5,500
UI_chassisControl,8,500
UI_cruiseControl,2,500
UI_csaOfframpCurvature,8,500
UI_csaRoadCurvature,8,500
UI_debugECU,2,5000
UI_debugTas,8,2000
UI_driverAssistAnonDebugParams,8,1000
UI_driverAssistControl,8,1000
UI_driverAssistMapData,8,500
UI_driverAssistRoadSign,8,500
UI_driverProfileRecall,8,500
UI_driverProfileRecall2,5,500
UI_dynamicTriggersCampaignFired,8,500
UI_elevationStatus,4,1000
UI_energyConsumptionInfo,8,1000
UI_ethNm,8,500
UI_frontSeatRequests,3,500
UI_gpsTime,8,1000
UI_gpsVehicleSpeed,8,1000
UI_hvacRequest,8,500
UI_locationOffset,8,1000
UI_locationStatus,8,1000
UI_odo,3,1000
UI_peripheralPowerRequests,1,500
UI_phoneLocationStatus,8,1000
UI_power,2,1000
UI_powerEstimates,6,1000
UI_powerRationalityConfig,8,5000
UI_powertrainControl,8,500
UI_radarMapData,8,500
UI_range,8,1000
UI_roadCurvature,8,500
UI_solarData,8,1000
UI_stalklessControl,6,500
UI_stalklessHealthStatus,2,500
UI_status,8,1000
UI_status2,8,500
UI_summonGoal,8,1000
UI_suspensionControl,8,500
UI_systemMonitor,8,15000
UI_telemetryControl,8,1000
UI_tpmsMode,4,0
UI_tpmsRCPsetting,4,1000
UI_trackModeSettings,8,500
UI_tripPlanning,8,1000
UI_tripPlanning2,6,1000
UI_tripPlanning3,8,1000
UI_tripPlanning4,6,1000
UI_tripPlanning5,6,1000
UI_ussThresholdsX,8,0
UI_ussThresholdsY,8,0
UI_vehicleControl,8,500
UI_vehicleControl2,8,500
UI_vehicleControl3,8,500
UI_vehicleControlThermal,6,1000
UI_vehicleModes,8,500
UI_ventPanelControlRequest,8,500
UI_weatherDataService,8,500
UMC_alertLog,8,0
UMC_alertMatrix1,8,1000
UMC_smartAdapterInfo,8,100
USM_alertLog,8,0
USM_alertMatrix,8,100
USM_info,8,1000
VCFRONT_12VBatteryStatus,8,16
VCFRONT_LVBMS_info,7,1000
VCFRONT_LVHealth,8,100
VCFRONT_LVHealthDebug,6,1000
VCFRONT_LVPowerState,8,50
VCFRONT_LVThermalMotors10Hz,8,8
VCFRONT_alertLog,8,0
VCFRONT_alertMatrix,8,100
VCFRONT_coolant,7,100
VCFRONT_eFuseDebugStatus,8,100
VCFRONT_info,8,1000
VCFRONT_lightStatus,8,1000
VCFRONT_lighting,8,100
VCFRONT_logging0point1Hz,8,322
VCFRONT_logging10Hz,8,20
VCFRONT_logging1Hz,8,38
VCFRONT_loggingAndVitals10Hz,8,25
VCFRONT_okToUseHighPower,2,100
VCFRONT_parkedEnergyLoss,8,1000
VCFRONT_partyDebug,7,100
VCFRONT_sensors,8,1000
VCFRONT_status,8,14
VCFRONT_systemStatus,8,33
VCFRONT_vehicleStatus,8,50
VCLEFT_TLCStatus,8,50
VCLEFT_alertLog,8,0
VCLEFT_alertMatrix,8,100
VCLEFT_doorStatus,8,100
VCLEFT_doorStatus2,8,100
VCLEFT_epbmDebug,8,100
VCLEFT_epbmStatus,8,100
VCLEFT_etcBluetoothStatus,1,1000
VCLEFT_hvacBlowerFeedback,8,100
VCLEFT_info,8,1000
VCLEFT_liftgateStatus,8,50
VCLEFT_lightStatus,7,200
VCLEFT_logging0point1Hz,6,10000
VCLEFT_logging10Hz,8,100
VCLEFT_logging1Hz,8,333
VCLEFT_pitchEstimation,5,100
VCLEFT_recallStatus,1,1000
VCLEFT_restraintStatus,8,50
VCLEFT_seatStatus,8,100
VCLEFT_seatStatus2,8,200
VCLEFT_status,8,33
VCLEFT_steeringColumnStatus,8,100
VCLEFT_switchStatus,8,50
VCLEFT_thermalLogging10Hz,8,20
VCLEFT_thermalLogging1Hz,8,500
VCLEFT_thermalStatus,8,100
VCLEFT_windowStatus,8,100
VCRIGHT_AP_hvacState10Hz,8,50
VCRIGHT_LVPowerState,4,100
VCRIGHT_PTCRequest,6,100
VCRIGHT_alertLog,8,0
VCRIGHT_alertMatrix,8,100
VCRIGHT_debugThermal10Hz,8,10
VCRIGHT_doorStatus,8,100
VCRIGHT_doorStatus2,8,100
VCRIGHT_epbmDebug,8,100
VCRIGHT_epbmStatus,8,100
VCRIGHT_hvacRequest,8,100
VCRIGHT_hvacStatus,8,20
VCRIGHT_hvacStatus2,8,100
VCRIGHT_info,8,1000
VCRIGHT_lightStatus,4,200
VCRIGHT_logging0point1Hz,8,1250
VCRIGHT_logging10Hz,8,20
VCRIGHT_logging1Hz,8,60
VCRIGHT_recallStatus,1,1000
VCRIGHT_restraintStatus,8,50
VCRIGHT_seatStatus,8,100
VCRIGHT_seatStatus2,7,200
VCRIGHT_status,8,100
VCRIGHT_switchStatus,8,100
VCRIGHT_thsStatus,8,100
VCRIGHT_vehNm,7,100
VCRIGHT_windowStatus,8,100
VCSEC_BLEEndpointInfo,8,1000
VCSEC_ChildSeatStatus,8,500
VCSEC_DeviceStatus,8,100
VCSEC_IsoTpPipeRemoteUI,8,0
VCSEC_IsoTpUDPPipeUI,8,0
VCSEC_TPMSConnectionData,8,100
VCSEC_TPMSData,7,100
VCSEC_TPMSDisplay,6,1000
VCSEC_TPMSStatus,8,1000
VCSEC_UWBData,8,100
VCSEC_additionalAuthInfo,8,100
VCSEC_alertLog,8,0
VCSEC_alertMatrix,8,100
VCSEC_authentication,8,100
VCSEC_debug100ms,8,50
VCSEC_ecuConfig,5,10000
VCSEC_info,8,1000
VCSEC_requests,8,100
VC_LVBMS_brickMeasurements,8,1000
VC_LVBMS_statusHigh,8,33
VC_LVBMS_statusLow,7,100
VC_pcsInterface,8,50
VEH_billing,4,1000
VEH_isoTpToEvse,8,0
